build_year,lat,living_area,long,municipality_name,zipcode,num_rooms,object_type_name,price,water_percentage_1000,travel_time_private_transport,travel_time_public_transport,number_of_buildings_in_hectare,number_of_apartments_in_hectare,number_of_workplaces_in_hectare,number_of_workplaces_sector_1_in_hectare,number_of_workplaces_sector_2_in_hectare,number_of_workplaces_sector_3_in_hectare,population_in_hectare
1990,47.00980759,110,8.483789444,Vitznau,6354,3,Wohnung,815000,0.400565383,35,102,10,26,7,0,0,7,34
2017,46.87217712,120,9.88018322,Klosters-Serneus,7250,3,Wohnung,890000,0.008272204,85,112,7,54,3,0,0,3,44
2010,46.51917267,107,6.525881767,Préverenges,1028,4,Wohnung,870000,0.140533804,9,25,5,39,3,0,3,0,89
2018,47.52134323,103,8.536971092,Bülach,8180,3,Wohnung,829000,0.003954127,14,18,2,2,3,0,3,0,4
2007,46.51021576,95,9.852426529,Celerina/Schlarigna,7505,3,Wohnung,865000,0.011115952,101,198,9,45,3,0,3,3,85
2015,47.53541946,112,7.710394859,Augst,4302,4,Wohnung,849000,0.081795298,10,16,3,30,3,0,0,3,69
2016,47.44316864,119,8.67109108,Lindau,8315,4,Wohnung,840000,0,13,24,2,11,0,0,0,0,10
1978,47.53750229,96,7.571207523,Binningen,4102,3,Wohnung,895000,0.004377133,4,10,8,50,17,0,0,17,110
1990,46.86417389,127,9.881011963,Klosters-Serneus,7250,3,Wohnung,865000,0.014617055,85,112,7,39,3,0,0,3,28
2008,47.11698914,110,8.775629997,Einsiedeln,8841,4,Wohnung,870000,0.376262177,27,42,6,29,3,0,0,3,54
2018,46.46045303,118,6.208910942,Arzier-Le Muids,1273,4,Wohnung,847000,0,27,45,6,26,7,0,0,7,61
2015,47.62913895,137,9.247052193,Münsterlingen,8597,4,Wohnung,890000,0.420068675,46,96,6,12,0,0,0,0,25
2017,46.67969513,109,7.665390015,Spiez,3700,4,Wohnung,870000,0.020692061,23,34,3,5,0,0,0,0,6
2018,46.87598801,177,7.638694763,Niederhünigen,3504,5,Wohnung,710000,0,15,36,2,6,0,0,0,0,5
1973,46.79772186,100,9.821581841,Davos,7270,5,Wohnung,765000,0.00648411,95,141,5,40,0,0,0,0,20
2005,46.79140091,104,9.262372017,Sagogn,7152,4,Wohnung,852000,0.168258667,84,137,7,13,0,0,0,0,16
1967,46.2977066,92,7.054903507,Ollon,1884,3,Wohnung,895000,0,39,45,7,25,13,0,3,12,27
2017,47.55044937,130,9.1484375,Bürglen (TG),8575,4,Wohnung,893000,0.129177712,41,62,3,17,3,0,3,0,22
2017,46.88021851,117,8.6463871,Altdorf (UR),6460,3,Wohnung,880000,0,49,87,6,40,6,0,3,5,55
1,46.10593414,73,7.228157043,Bagnes,1936,3,Wohnung,890000,0.000268458,59,86,4,21,0,0,0,0,3
2001,47.12952042,137,8.795588493,Einsiedeln,8846,4,Sonstiges,835000,0.386158824,27,42,6,21,3,0,0,3,36
2019,47.1756134,118,8.117562294,Sursee,6210,4,Wohnung,835000,0.055894149,41,46,4,26,3,0,0,3,48
2005,46.28356934,123,7.075478077,Gryon,1882,4,Wohnung,885000,0.003596261,43,88,5,26,3,0,3,3,15
2019,47.08462143,123,8.040184021,Menznau,6122,4,Wohnung,820000,0,50,87,8,12,3,0,3,0,42
2007,47.38272858,145,9.655954361,Diepoldsau,9444,4,Sonstiges,820000,0.008010712,65,123,13,33,3,0,3,3,59
1997,46.40744781,210,8.13389492,Fiesch,3984,7,Wohnung,778000,0.013182759,93,120,6,17,0,0,0,0,18
2018,46.88879013,140,7.628474236,Konolfingen,3510,3,Sonstiges,880000,0,15,23,7,14,3,0,0,3,15
2016,46.47506714,94,7.433976173,Lenk,3775,3,Wohnung,860000,0.005401606,54,108,6,14,3,3,0,0,10
1594,46.69220734,137,9.524247169,Vaz/Obervaz,7082,4,Wohnung,890000,0.004273297,85,120,8,12,0,0,0,0,15
2012,47.51831436,105,8.756752014,Winterthur,8404,3,Wohnung,850000,0.00028679,16,17,6,42,3,0,0,3,72
2018,47.36062622,105,8.793070793,Pfäffikon,8330,3,Wohnung,890000,0.128694714,17,26,12,53,6,0,3,5,88
2002,47.52620697,100,7.567719936,Bottmingen,4103,4,Wohnung,860000,0.003522958,6,12,9,46,3,0,0,3,95
2015,47.34677505,116,7.925399303,Starrkirch-Wil,4656,4,Wohnung,865000,0,38,31,3,15,0,0,0,0,17
2015,46.77689362,126,9.104851723,Waltensburg/Vuorz,7158,4,Wohnung,820000,0,93,143,3,10,0,0,0,0,3
1999,47.41383743,113,8.590498924,Wallisellen,8304,4,Wohnung,898000,0.010063372,7,3,11,64,29,0,4,25,105
1968,46.80887604,95,9.843659401,Davos,7260,3,Wohnung,855000,0.035792207,95,141,4,40,0,0,0,0,17
2018,47.44166183,109,8.630961418,Bassersdorf,8303,4,Wohnung,860000,0.000613862,11,10,7,51,3,0,3,3,93
1992,47.44820404,146,8.331907272,Neuenhof,5432,4,Sonstiges,805000,0.089772219,15,16,6,13,3,0,0,3,31
1965,47.23906708,105,8.73663044,Stäfa,8712,4,Wohnung,890000,0.22211461,25,23,9,26,3,0,0,3,43
1974,47.2611351,114,8.696887016,Männedorf,8708,4,Wohnung,890000,0.000389374,21,19,11,30,0,0,0,0,63
2008,46.19398117,122,9.019288063,Bellinzona,6500,4,Wohnung,850000,0.032222143,26,25,4,23,22,0,3,21,35
2005,47.51012802,101,8.476734161,Neerach,8173,4,Wohnung,810000,0.008258365,17,26,10,18,3,0,0,3,36
1973,46.81050873,100,9.835370064,Davos,7260,3,Wohnung,820000,0.007589307,95,141,5,38,3,0,3,3,7
2016,46.98038864,133,9.573541641,Malans,7208,4,Wohnung,830000,0,59,76,10,23,3,3,0,3,30
2014,47.27718735,136,8.347945213,Muri (AG),5630,4,Wohnung,880000,0,21,39,7,23,3,3,0,3,56
2005,46.16398239,150,8.796823502,Locarno,6600,4,Wohnung,830000,0.199744444,35,57,4,32,4,0,3,3,128
2018,47.35204697,137,8.285033226,Wohlen (AG),5610,4,Wohnung,879000,0,22,30,5,5,3,0,3,0,9
2005,46.97432709,120,7.497486591,Bolligen,3065,4,Wohnung,890000,0,6,14,7,18,17,0,0,17,46
2008,47.39997864,110,8.083950043,Aarau,5032,3,Wohnung,885000,0.004324308,27,46,6,18,0,0,0,0,49
1990,46.80595779,125,9.254785538,Laax,7031,4,Wohnung,880000,0.0114154,81,134,7,48,3,0,0,3,17
2019,47.26618195,112,8.84621048,Dürnten,8632,4,Wohnung,830000,0.012390191,24,33,7,33,3,0,0,3,74
2018,47.08523178,105,7.598225594,Kirchberg (BE),3422,3,Wohnung,845000,0,16,39,0,0,0,0,0,0,0
2018,47.08519745,105,7.597909451,Kirchberg (BE),3422,3,Wohnung,845000,0,16,39,5,40,0,0,0,0,60
2007,47.66334152,161,8.980359077,Steckborn,8266,4,Wohnung,839000,0.296525399,39,79,10,40,3,0,0,3,87
2013,47.69911957,176,8.585031509,Beringen,8222,4,Wohnung,890000,0.000644103,37,65,8,22,0,0,0,0,45
2018,47.15127945,118,7.911226273,Fischbach,6145,4,Wohnung,850000,8.34E-05,45,81,3,5,0,0,0,0,10
2013,47.29840469,120,8.845990181,Hinwil,8340,4,Wohnung,870000,0,22,25,8,31,0,0,0,0,63
2019,47.40174103,121,8.282702446,Tägerig,5522,3,Wohnung,890000,0.042216228,22,58,5,6,3,0,0,3,19
2017,47.47999573,105,8.55659008,Winkel,8185,3,Wohnung,871000,0.000412371,14,31,8,38,4,0,0,4,69
2008,46.71944809,133,7.696683407,Sigriswil,3656,3,Wohnung,890000,0.19405431,27,49,2,9,3,3,0,3,13
2008,47.04690552,102,7.619239807,Burgdorf,3400,4,Wohnung,820000,0,19,19,9,63,3,0,3,3,109
2015,47.39175034,120,8.061963081,Aarau,5000,3,Wohnung,860000,0.003626459,28,26,6,35,3,0,0,3,91
1999,47.25973892,115,8.800393105,Bubikon,8633,4,Wohnung,860000,0,24,22,11,26,3,0,0,3,58
1974,47.19198227,105,8.493992805,Steinhausen,6312,4,Wohnung,870000,0.000785408,20,44,7,50,3,0,0,3,112
1994,47.14307022,101,8.428824425,Risch,6343,4,Wohnung,860000,0.002675919,24,36,9,47,8,0,3,6,122
2018,47.29731369,131,7.952990055,Zofingen,4800,4,Wohnung,895000,0.000825244,36,33,8,45,3,0,0,3,80
2010,47.34268188,136,8.483029366,Stallikon,8143,4,Sonstiges,880000,0,9,13,8,33,3,0,3,3,60
1999,47.5252533,118,8.786459923,Wiesendangen,8542,4,Sonstiges,890000,6.79E-05,22,29,7,31,3,0,0,3,65
2019,47.43681335,128,8.855248451,Turbenthal,8488,4,Sonstiges,807000,0.00498716,26,49,5,12,3,0,3,0,25
1995,46.87883377,108,8.225190163,Sarnen,6062,4,Wohnung,890000,0.521990566,47,84,4,9,3,0,0,3,16
1976,46.15442276,106,8.781205177,Ascona,6612,3,Wohnung,890000,0.103865245,35,74,13,30,3,0,3,3,48
2008,47.34875107,116,8.252116203,Villmergen,5612,4,Wohnung,895000,0.000566627,26,43,12,28,4,0,0,4,59
2014,47.52962112,100,8.778316498,Wiesendangen,8542,3,Wohnung,840000,0,22,29,3,8,0,0,0,0,13
2015,46.88046646,101,9.879089355,Klosters-Serneus,7250,3,Wohnung,880000,0.008505895,85,112,4,36,3,3,0,3,6
2012,46.55807877,118,7.370977402,Zweisimmen,3770,4,Wohnung,890000,0.009315808,45,82,12,20,0,0,0,0,26
2011,47.52571106,118,7.814255714,Magden,4312,4,Wohnung,895000,0,15,40,10,23,3,0,3,3,36
2017,47.34378052,124,8.806749344,Pfäffikon,8331,4,Wohnung,840000,3.70E-05,17,26,13,22,3,0,3,0,37
2010,47.34268951,143,8.483046532,Stallikon,8143,4,Sonstiges,890000,0,9,13,8,33,3,0,3,3,60
2018,47.30864334,111,8.721258163,Mönchaltorf,8617,4,Wohnung,830000,0.000347732,15,29,6,27,5,0,3,3,76
2017,47.02666473,130,9.511763573,Fläsch,7306,4,Wohnung,850000,0.028423863,55,93,12,17,3,0,0,3,36
2016,46.18114853,123,8.878867149,Gordola,6596,3,Wohnung,875000,0,29,46,10,24,0,0,0,0,33
1986,47.22894287,108,8.825600624,Rapperswil-Jona,8640,4,Wohnung,900000,0.130656476,23,35,12,59,10,0,0,10,118
1982,46.30723953,110,7.490779877,Randogne,3975,4,Wohnung,840000,0.009168458,69,116,2,20,3,0,3,0,17
2019,47.38887405,142,9.652837753,Diepoldsau,9444,4,Wohnung,855000,0.039035321,65,123,7,7,0,0,0,0,23
2017,47.05682755,135,8.430632591,Greppen,6404,4,Wohnung,825000,0.343406787,29,67,4,30,0,0,0,0,12
2017,47.26403427,109,8.850300789,Dürnten,8632,4,Wohnung,810000,0.014430959,24,33,13,52,3,0,0,3,88
2017,47.05738068,131,8.430112839,Greppen,6404,4,Wohnung,855000,0.377657067,29,67,4,30,0,0,0,0,12
2018,47.56895828,97,8.237308502,Böttstein,5314,3,Wohnung,831300,0.01978492,32,40,0,0,0,0,0,0,0
2017,47.11196899,106,7.252271175,Port,2562,4,Wohnung,840000,0.037968738,25,48,6,56,0,0,0,0,35
2017,46.01233673,135,8.908584595,Bioggio,6934,4,Wohnung,814000,0.00816565,9,22,4,23,12,0,3,9,44
2016,47.65346909,122,9.139074326,Tägerwilen,8274,4,Wohnung,850000,0.000174987,40,83,3,21,0,0,0,0,66
1973,47.42575836,123,8.398114204,Oetwil an der Limmat,8955,4,Wohnung,890000,0.047522006,11,26,7,23,3,0,0,3,39
2009,47.57131195,100,8.520508766,Eglisau,8193,4,Wohnung,850000,0.071772023,18,23,13,33,3,0,0,3,109
2018,47.46359634,123,9.569216728,Thal,9425,4,Wohnung,870000,0.00020775,59,104,5,11,0,0,0,0,25
2017,46.42948532,74,6.925885201,Montreux,1823,3,Wohnung,850000,0.161053809,22,20,5,7,0,0,0,0,5
2019,47.48056412,114,8.507886887,Oberglatt,8154,4,Wohnung,850000,0.015099024,10,9,9,16,3,3,0,3,45
2015,47.39081192,101,8.061793327,Aarau,5000,2,Wohnung,800000,0.00191505,28,26,7,21,3,0,3,0,45
2018,47.4246788,82,8.4006567,Oetwil an der Limmat,8955,2,Wohnung,850000,0.046031682,11,26,7,10,3,0,0,3,29
2019,46.99899292,115,7.456704617,Zollikofen,3052,4,Wohnung,805000,0,9,14,13,76,3,0,3,3,139
2017,47.6059227,153,9.013460159,Müllheim,8555,5,Wohnung,890000,0.008714423,31,50,1,5,0,0,0,0,7
1999,47.51081467,162,8.468921661,Neerach,8173,4,Sonstiges,895000,0.001051441,17,26,16,28,3,0,0,3,63
2019,47.54669571,122,9.382669449,Egnach,9322,3,Wohnung,790000,0.351836139,59,87,9,14,3,0,0,3,40
2019,47.32187653,99,8.205858231,Seengen,5707,3,Wohnung,840000,0.142899945,31,53,8,32,0,0,0,0,69
2018,46.873909,92,7.564008713,Münsingen,3110,3,Wohnung,825000,0.000139232,11,17,2,3,0,0,0,0,3
2018,47.01134872,121,8.645338058,Schwyz,6438,4,Wohnung,890000,0.020480847,36,63,6,19,6,0,3,4,51
2018,47.04626465,129,9.443194389,Sargans,7320,4,Wohnung,820000,0.001282146,52,59,7,52,3,0,0,3,78
2017,47.4920845,136,8.554503441,Winkel,8185,3,Wohnung,810000,0,14,31,10,51,3,0,0,3,106
2019,46.79174423,111,9.261177063,Sagogn,7152,4,Wohnung,825000,0.156380804,84,137,9,16,0,0,0,0,7
2019,47.48053741,117,8.508290291,Oberglatt,8154,4,Wohnung,865000,0.01520313,10,9,7,18,3,0,0,3,32
1991,47.27669907,145,8.838951111,Dürnten,8635,6,Sonstiges,850000,0.000231021,24,33,7,34,3,0,0,3,88
2006,47.16701889,126,8.980305672,Reichenburg,8864,4,Wohnung,827000,0.007422114,29,45,5,40,3,0,0,3,82
2018,47.17529297,125,8.879480362,Galgenen,8854,5,Wohnung,895000,0.0058616,23,54,7,11,0,0,0,0,23
2014,47.3945694,127,8.649470329,Dübendorf,8600,4,Wohnung,895000,0.000436265,8,4,4,19,3,0,3,3,55
1973,47.30433655,119,8.760029793,Gossau (ZH),8625,4,Wohnung,885000,0.000416548,20,31,6,44,4,0,3,3,87
1988,46.47608948,97,7.133780956,Château-d'Oex,1660,4,Wohnung,850000,0.016630381,53,106,7,19,3,0,3,3,29
2018,46.8698616,98,9.536318779,Chur,7000,3,Wohnung,825000,0.026127778,66,79,17,22,0,0,0,0,47
2017,46.98397827,108,9.570403099,Malans,7208,2,Wohnung,843180,0,59,76,4,12,0,0,0,0,23
2019,47.48020935,114,8.508127213,Oberglatt,8154,4,Wohnung,850000,0.01486227,10,9,0,0,0,0,0,0,0
1992,47.2991066,115,8.845341682,Hinwil,8340,4,Wohnung,820000,0,22,25,9,39,3,0,3,3,68
1974,47.45934677,134,9.038495064,Wil (SG),9500,6,Wohnung,885000,0,33,47,14,34,8,0,3,7,76
2019,47.49013901,130,7.512604713,Bättwil,4112,4,Wohnung,845000,0.077880917,15,33,2,2,0,0,0,0,5
2011,46.98614502,127,6.867071152,Corcelles-Cormondrèche,2035,4,Sonstiges,860000,0.000636365,39,71,16,16,3,0,0,3,55
2018,47.0446434,140,8.606210709,Steinen,6422,5,Wohnung,790000,0.061822947,35,57,3,7,3,0,3,0,4
1972,47.05170822,112,8.339459419,Luzern,6006,5,Wohnung,885000,0.349284145,31,48,5,44,9,0,0,9,75
2018,47.33423996,128,9.399171829,Appenzell,9050,4,Wohnung,878000,0.016594038,58,111,1,2,3,0,3,3,3
1968,47.49892807,110,7.620041847,Arlesheim,4144,5,Wohnung,850000,0,9,9,12,24,4,0,0,4,50
1970,47.48805618,152,8.285451889,Obersiggenthal,5415,5,Wohnung,882000,0.034462109,20,37,9,61,3,0,0,3,124
2019,47.54712677,136,9.276297569,Amriswil,8580,5,Wohnung,825000,0.001172286,52,64,8,27,3,0,3,3,80
1994,47.14073181,85,8.570454597,Unterägeri,6314,4,Wohnung,840000,0.00903634,26,50,0,0,0,0,0,0,0
2018,47.37392807,97,8.794355392,Pfäffikon,8330,3,Wohnung,870000,0.007136788,17,26,3,4,3,0,0,3,11
2017,47.10646057,148,7.247038841,Bellmund,2564,4,Sonstiges,895000,0,25,51,3,10,3,3,0,0,15
2004,46.85793304,72,9.884799004,Klosters-Serneus,7250,3,Wohnung,810000,0.012208146,85,112,2,11,0,0,0,0,3
1968,46.09816742,86,7.22600174,Bagnes,1936,3,Wohnung,860000,0.000268458,59,86,7,47,4,0,0,4,31
2011,47.55506516,159,8.500593185,Glattfelden,8192,4,Sonstiges,810000,0.012623106,19,34,4,27,3,0,3,3,57
1976,47.02635193,153,7.494814873,Urtenen-Schönbühl,3322,5,Wohnung,886000,0.016118501,12,22,3,6,3,0,0,3,9
2011,46.88291168,138,8.644884109,Altdorf (UR),6460,5,Sonstiges,865000,0,49,87,9,22,8,0,3,7,45
1966,47.31667328,100,8.517495155,Adliswil,8134,4,Wohnung,890000,0.029016245,6,8,10,50,0,0,0,0,83
2015,47.39150238,119,8.061592102,Aarau,5000,4,Wohnung,860000,0.002339153,28,26,6,35,3,0,0,3,91
2001,46.6894989,145,7.779424191,Beatenberg,3803,4,Sonstiges,835000,0.078024336,36,82,4,9,0,0,0,0,9
2008,47.072155,123,8.362473488,Adligenswil,6043,4,Wohnung,890000,9.86E-05,32,66,9,70,3,0,3,3,169
2012,47.24769211,112,8.777860641,Hombrechtikon,8634,4,Wohnung,885000,0.000501542,22,39,8,38,3,0,0,3,82
2015,47.10408401,139,8.67745018,Rothenthurm,6418,6,Wohnung,830000,0,29,64,13,23,4,0,0,4,39
1983,46.99344254,150,8.527682304,Gersau,6442,6,Sonstiges,850000,0.319058197,41,81,7,34,5,0,3,4,83
1991,47.19816208,152,8.109871864,Geuensee,6232,6,Wohnung,850000,0.000311422,40,65,5,21,14,3,0,13,45
2016,47.51635742,105,7.60400486,Münchenstein,4142,4,Wohnung,855000,0.007781153,7,6,6,9,3,0,0,3,18
1974,47.48302078,161,7.748139381,Liestal,4410,6,Wohnung,810000,0.010252918,15,16,13,44,0,0,0,0,73
1989,47.2233429,146,8.496619225,Kappel am Albis,8926,5,Wohnung,823000,0,23,39,6,20,3,0,0,3,49
2010,47.69906616,187,8.58435154,Beringen,8222,5,Wohnung,890000,0.000644103,37,65,8,22,0,0,0,0,45
1990,46.02850723,116,8.955236435,Porza,6948,4,Wohnung,890000,0.005514537,11,15,6,23,3,0,0,3,55
1993,47.56452179,178,7.83732748,Möhlin,4313,5,Sonstiges,890000,0,16,29,9,43,3,0,0,3,85
2006,47.2779274,126,8.836297035,Dürnten,8635,5,Wohnung,850000,9.50E-05,24,33,4,25,3,0,3,3,58
2014,46.597435,141,6.372629642,Montricher,1147,4,Wohnung,875000,0,25,53,9,18,3,3,0,3,43
2016,47.60792542,135,8.911046982,Herdern,8535,4,Wohnung,855000,0.000784058,31,66,7,25,0,0,0,0,20
1950,47.13293076,160,8.137594223,Nottwil,6207,7,Sonstiges,890000,0.154618888,41,61,4,13,8,3,3,5,24
2016,46.44151306,88,7.443217278,Lenk,3775,4,Wohnung,830000,0.006368003,54,108,9,10,3,0,3,0,14
1980,47.46813583,152,9.483140945,Rorschacherberg,9404,5,Wohnung,865000,0,57,91,14,22,0,0,0,0,36
1976,45.95426178,200,8.96859169,Bissone,6816,4,Sonstiges,870000,0.223728994,10,15,4,9,0,0,0,0,13
2001,47.27971268,134,8.843205452,Dürnten,8635,5,Wohnung,830000,0.00047065,24,33,9,43,0,0,0,0,72
1975,46.86306763,140,9.527950287,Chur,7000,5,Wohnung,890000,0.028780509,66,79,2,20,3,0,0,3,54
2019,47.52685928,163,8.438158989,Bachs,8164,5,Wohnung,850000,0,20,32,3,3,0,0,0,0,6
2011,47.50154495,156,8.004355431,Gipf-Oberfrick,5073,5,Wohnung,845000,0.000181079,29,40,4,27,0,0,0,0,41
2017,47.29471207,130,8.394536018,Jonen,8916,4,Wohnung,840000,0.038503524,17,28,7,29,3,0,0,3,74
2004,47.49157715,131,7.714879513,Liestal,4410,5,Wohnung,890000,0.002818007,15,16,2,16,3,0,0,3,25
2008,46.93670654,145,7.353761673,Bern,3019,5,Wohnung,895000,0,0,0,21,34,3,0,0,3,84
2008,47.33702469,157,8.853496552,Bäretswil,8344,6,Sonstiges,890000,0.000649357,24,39,10,19,3,0,0,3,52
2017,47.42276764,147,9.088142395,Jonschwil,9243,5,Wohnung,830000,0.028157955,41,62,12,43,3,0,0,3,81
2019,47.42991257,140,7.700201511,Ziefen,4417,4,Wohnung,825000,0.003005175,22,39,2,2,0,0,0,0,6
2017,47.42027664,113,7.49929142,Laufen,4242,4,Wohnung,855000,0.014395078,19,23,5,11,4,0,0,4,17
1972,46.94227219,115,7.497200489,Bern,3073,5,Wohnung,840000,0,6,14,5,15,3,0,3,0,26
2018,47.40587234,108,8.395934105,Dietikon,8953,4,Wohnung,860000,0.032379311,11,7,8,55,4,0,0,4,98
2013,46.17008972,135,9.012495041,Giubiasco,6512,4,Wohnung,890000,0.013410362,21,26,31,47,3,0,3,3,74
2019,47.10464478,126,7.245567322,Bellmund,2564,5,Wohnung,830000,0.000184405,25,51,1,1,0,0,0,0,0
2018,47.46719742,103,8.33272934,Wettingen,5430,4,Wohnung,880000,0.000138893,15,19,10,24,10,3,3,7,58
2018,46.82812881,124,9.288947105,Flims,7018,4,Wohnung,880000,0.018563458,78,119,10,63,5,0,0,5,87
2012,47.66877747,142,9.089091301,Ermatingen,8272,4,Wohnung,735000,0.379957388,42,93,2,9,3,0,0,3,16
2018,47.16216278,124,8.108832359,Oberkirch,6208,5,Wohnung,900000,0.011245554,45,57,0,0,0,0,0,0,0
2016,47.30292892,132,8.048764229,Schöftland,5040,4,Wohnung,855000,0,33,55,3,30,0,0,0,0,61
1980,46.11815643,125,8.708237648,Brissago,6614,4,Wohnung,890000,0.338845793,41,89,7,44,0,0,0,0,12
1996,47.08699036,109,8.432038307,Küssnacht (SZ),6403,4,Wohnung,890000,0.058509328,26,54,5,21,3,0,0,3,41
2012,47.56032562,133,7.903656483,Wallbach,4323,5,Sonstiges,890000,0.055928504,21,41,14,17,6,3,0,5,48
1983,47.57579803,152,8.522835732,Eglisau,8193,5,Sonstiges,835000,0.080187323,18,23,6,24,12,0,0,12,33
2019,46.62228775,136,7.07610178,Bulle,1630,5,Wohnung,850000,0.000191393,30,56,0,0,0,0,0,0,0
2019,46.62230682,136,7.075801373,Bulle,1630,5,Wohnung,850000,0.000191393,30,56,0,0,0,0,0,0,0
2018,47.57074356,149,8.596179962,Berg am Irchel,8415,5,Sonstiges,820000,0.000334312,25,53,15,18,3,0,3,0,34
2018,47.06559372,157,7.735771656,Affoltern im Emmental,3416,6,Wohnung,890000,0,29,70,5,8,4,0,3,3,14
2018,47.18091202,110,8.874353409,Galgenen,8854,4,Wohnung,870000,0.008386716,23,54,13,55,9,3,0,7,116
2005,47.0765686,164,8.332145691,Ebikon,6030,5,Wohnung,865000,0.033765022,31,51,14,48,5,0,0,5,132
2017,47.27153778,135,8.910915375,Wald (ZH),8636,5,Wohnung,860000,0.001884905,26,40,8,12,3,0,3,0,26
2017,46.65259171,154,7.052970886,Marsens,1633,5,Sonstiges,810000,0,31,78,2,5,0,0,0,0,17
2016,47.34653473,150,8.27631855,Wohlen (AG),5610,4,Wohnung,840000,0,22,30,17,27,3,0,0,3,62
2018,46.88427734,116,7.622119904,Konolfingen,3510,4,Wohnung,895000,0,15,23,11,29,0,0,0,0,72
2017,46.87956238,169,9.527418137,Haldenstein,7023,5,Sonstiges,895000,0.037752278,64,90,15,48,3,0,3,3,106
2018,47.36499405,132,9.074967384,Bütschwil-Ganterschwil,9606,4,Wohnung,835000,0.035179707,41,68,6,14,3,0,0,3,22
2007,47.31359863,103,8.467676163,Bonstetten,8906,3,Wohnung,920000,0.000814029,14,15,6,17,3,0,3,3,32
2016,47.46198273,114,8.21087265,Hausen (AG),5212,4,Wohnung,840000,0.000309978,19,39,7,25,10,0,3,7,53
2016,47.34631348,150,8.275979042,Wohlen (AG),5610,4,Wohnung,820000,0,22,30,13,25,3,3,3,3,35
2018,46.95534134,108,8.339904785,Ennetmoos,6372,4,Wohnung,840000,0,48,98,1,1,0,0,0,0,0
2001,46.20911407,123,6.865808964,Val-d'Illiez,1873,5,Wohnung,850000,0,41,92,11,57,0,0,0,0,6
2018,47.49027634,115,8.219361305,Brugg,5200,4,Wohnung,825000,0.067928478,23,24,5,17,3,0,0,3,36
2018,47.32328033,131,8.205587387,Seengen,5707,4,Wohnung,850000,0.096787119,31,53,6,22,4,0,3,3,39
2013,47.02231979,121,8.291794777,Kriens,6010,3,Wohnung,960000,0,34,79,4,36,3,0,3,3,124
2018,46.95809555,144,7.524223328,Stettlen,3066,3,Wohnung,960000,0,8,19,6,38,7,0,3,6,72
2017,46.28703308,150,7.534237862,Sierre,3960,4,Wohnung,850000,0.046451368,61,76,12,13,3,0,3,0,38
2015,46.17461777,160,8.803305626,Muralto,6600,4,Wohnung,870000,0.139024862,33,57,8,28,6,0,0,6,20
2009,46.35420609,93,7.15035677,Ormont-Dessus,1865,4,Wohnung,800000,0,44,88,4,26,3,0,3,0,20
2017,46.84658051,107,6.843962193,Estavayer-le-Lac,1470,4,Wohnung,820000,0.163062447,30,59,6,9,6,0,3,4,10
2018,47.37078094,150,9.420458794,Bühler,9055,4,Wohnung,960000,0.000354722,55,111,1,1,0,0,0,0,3
2015,46.90087891,93,9.563152313,Trimmis,7203,3,Wohnung,975000,0.002424764,65,99,14,31,3,3,0,3,74
2010,47.55966568,151,7.844569683,Möhlin,4313,4,Wohnung,955000,0,16,29,7,27,8,0,0,8,43
1968,46.17634964,112,8.819356918,Minusio,6648,4,Wohnung,850000,0.300397257,33,72,4,23,3,0,0,3,35
2014,47.25982285,72,8.588339806,Horgen,8810,3,Wohnung,965000,0.121845809,15,12,3,13,10,0,3,7,11
2020,46.79576492,86,9.831133842,Davos,7270,3,Wohnung,950000,0.010027028,95,141,3,17,5,0,3,3,30
2013,47.51306152,97,7.600136757,Reinach (BL),4153,3,Wohnung,995000,0.004755235,12,15,9,11,3,0,3,3,22
2004,46.17700577,200,8.814334869,Minusio,6648,6,Wohnung,900000,0.172333636,33,72,12,60,17,0,3,16,107
1977,46.79380798,46,9.8231287,Davos,7270,2,Wohnung,330000,0.007664552,95,141,6,32,4,0,0,4,37
2018,47.42794037,124,8.30181694,Niederrohrdorf,5443,4,Wohnung,850000,0,19,38,7,26,3,0,0,3,44
2011,47.18550873,76,8.518553734,Baar,6340,2,Wohnung,940000,0.001259596,22,22,3,30,18,0,0,18,134
1956,47.53763199,90,7.598072052,Basel,4053,4,Wohnung,925000,0.000111593,0,0,23,56,8,0,3,7,123
2015,47.24596024,115,8.775884628,Hombrechtikon,8634,4,Wohnung,985000,0.000501542,22,39,10,31,0,0,0,0,80
2018,47.43514633,153,8.20200634,Birr,5242,5,Wohnung,840000,0.000390071,22,35,6,6,3,0,3,0,15
2018,46.25255966,129,6.950151443,Monthey,1870,4,Wohnung,872528,0.009167502,33,57,8,40,29,0,3,27,84
2017,47.29837799,124,8.393902779,Jonen,8916,4,Wohnung,840000,0.026121101,17,28,10,15,0,0,0,0,36
2017,47.00265884,131,9.49805069,Bad Ragaz,7310,4,Wohnung,805000,0.008810052,56,72,8,57,3,0,0,3,51
2017,46.04740906,137,8.990286827,Lugano,6965,3,Wohnung,950000,0,8,18,3,5,0,0,0,0,9
1995,47.26579666,101,8.67519474,Uetikon am See,8707,4,Wohnung,970000,0.093306485,19,17,7,31,3,3,0,3,52
1994,47.34661865,106,8.722568512,Uster,8610,4,Wohnung,945000,0.010037466,13,11,8,42,3,0,0,3,82
2012,47.28291321,119,8.409321785,Ottenbach,8913,3,Wohnung,939000,0,16,35,5,26,3,0,0,3,52
2019,46.00546646,76,8.969651222,Lugano,6900,3,Wohnung,995000,0.27691946,0,0,4,12,13,0,3,10,7
1992,47.19697189,102,8.711759567,Wollerau,8832,3,Wohnung,960000,0.092807358,18,29,13,21,7,0,3,6,67
2001,46.45992661,127,7.440748692,Lenk,3775,4,Wohnung,990000,0.001502349,54,108,7,39,0,0,0,0,12
1981,45.92453766,118,8.917840958,Morcote,6922,3,Wohnung,980000,0.51427779,15,31,6,17,0,0,0,0,18
1995,47.51573944,110,7.554515839,Oberwil (BL),4104,3,Sonstiges,935000,0,9,19,11,56,6,0,0,6,96
2018,47.70897293,136,8.625782967,Schaffhausen,8200,4,Wohnung,939000,0.0024233,34,48,7,8,3,0,0,3,20
2015,46.00497437,135,8.960302353,Lugano,6900,4,Wohnung,990000,0.363854756,0,0,0,0,6,0,0,6,0
2003,47.33247757,106,8.818707466,Wetzikon (ZH),8623,4,Wohnung,950000,0.0013446,20,17,14,23,3,0,0,3,73
2016,47.2111969,122,7.992352009,Dagmersellen,6252,4,Wohnung,968000,0,40,54,7,13,3,0,3,3,30
1870,47.21386337,151,7.526676178,Solothurn,4500,4,Sonstiges,950000,0.000104449,30,52,1,6,0,0,0,0,6
1978,46.10590744,74,7.232243538,Bagnes,1936,3,Wohnung,990000,0.000268458,59,86,3,14,0,0,0,0,4
2018,47.52182007,115,8.358360291,Schneisingen,5425,4,Sonstiges,980000,0,22,38,5,5,3,0,3,0,11
2008,46.83169556,85,9.292647362,Flims,7018,4,Wohnung,950000,0,78,119,10,30,0,0,0,0,7
2019,47.42486191,121,7.774681568,Hölstein,4434,3,Wohnung,981000,0.009673936,22,35,7,7,0,0,0,0,18
2019,47.40680695,65,8.560557365,Zürich,8050,2,Wohnung,990000,0.003758925,0,0,13,52,3,0,0,3,146
1997,47.52844238,137,7.650798798,Muttenz,4132,4,Sonstiges,995000,0,9,8,5,24,10,0,6,4,47
2015,47.17524338,128,8.895258904,Galgenen,8854,4,Wohnung,950000,0.015402052,23,54,7,40,3,0,0,3,101
2013,47.4713974,115,7.597587585,Aesch (BL),4147,4,Wohnung,920000,0.018115242,11,14,7,44,3,0,3,3,98
1996,47.39323044,120,8.607386589,Dübendorf,8600,4,Wohnung,940000,0.006900821,8,4,7,56,3,0,0,3,117
2019,46.46283722,102,6.344959259,Rolle,1180,4,Wohnung,950000,0.280197764,18,23,10,12,6,0,3,5,38
2018,47.49667358,102,9.45536232,Horn,9326,3,Wohnung,920000,0.343946075,55,97,0,0,0,0,0,0,0
2016,47.17528152,121,8.894886017,Galgenen,8854,4,Wohnung,920000,0.015527942,23,54,7,26,4,3,0,3,51
2016,47.09931946,108,8.272776604,Rothenburg,6023,4,Wohnung,957000,0.005261091,32,71,5,50,3,0,0,3,132
1990,46.09475708,90,7.219769955,Bagnes,1936,3,Wohnung,985000,0,59,86,8,11,3,0,0,3,24
2003,47.42604828,114,8.571724892,Opfikon,8152,4,Wohnung,930000,0.012017916,8,3,12,47,5,0,0,5,91
1019,47.00217819,121,9.556715012,Jenins,7307,4,Wohnung,990000,0,58,84,23,39,6,5,0,3,89
2017,47.46604156,120,8.579349518,Kloten,8302,4,Wohnung,995000,0.001591003,9,7,7,48,0,0,0,0,31
2016,47.30568314,146,7.902197361,Rothrist,4852,4,Wohnung,965000,0.016165669,32,41,3,11,3,0,0,3,25
2006,46.46920395,120,6.340116978,Mont-sur-Rolle,1185,4,Wohnung,945000,7.02E-05,18,34,8,28,5,0,0,5,66
2011,46.00941849,120,8.96303463,Lugano,6900,3,Wohnung,950000,0.12352796,0,0,4,40,7,0,3,4,129
2019,47.37405014,121,8.045526505,Unterentfelden,5035,4,Wohnung,930000,0,33,39,7,11,0,0,0,0,14
1972,47.04502487,120,8.287379265,Luzern,6003,4,Wohnung,995000,0,31,48,3,14,0,0,0,0,26
2018,47.37031174,100,8.378712654,Rudolfstetten-Friedlisberg,8964,4,Wohnung,998000,0.000338188,13,21,6,9,0,0,0,0,17
2019,47.29385376,161,7.729551792,Oensingen,4702,4,Wohnung,955000,0.005836053,33,45,10,13,3,0,0,3,32
1995,46.65916443,82,7.701651096,Aeschi bei Spiez,3703,3,Wohnung,470000,0,27,54,4,15,3,0,0,3,25
1968,46.49970245,68,9.835310936,St. Moritz,7500,2,Wohnung,990000,0.094610236,99,203,4,30,0,0,0,0,17
2019,47.10491562,120,7.245831966,Bellmund,2564,4,Wohnung,950000,0.000184405,25,51,2,3,3,0,3,3,3
1969,46.09700775,97,7.234669685,Bagnes,1936,4,Wohnung,980000,0.000268458,59,86,9,10,3,0,0,3,5
2019,47.2547493,91,8.597078323,Horgen,8810,2,Wohnung,920000,0.089650897,15,12,12,32,3,0,0,3,70
2018,47.26609039,156,8.851974487,Dürnten,8632,4,Sonstiges,995000,0.014178182,24,33,14,28,0,0,0,0,52
2019,47.43619537,100,9.383749008,St. Gallen,9008,2,Wohnung,995000,0.000365179,48,71,12,43,3,0,0,3,63
2018,46.98432159,140,9.57147789,Malans,7208,4,Wohnung,990000,0,59,76,7,22,3,3,0,0,39
2018,46.22926331,176,7.35831356,Sion,1950,5,Wohnung,990000,0.028133308,55,60,11,65,40,0,6,34,99
2010,46.97833633,114,7.483197689,Ittigen,3063,3,Wohnung,910000,0,7,8,13,14,3,0,0,3,33
2020,47.50934601,144,8.763048172,Winterthur,8404,4,Sonstiges,995000,0.005259804,16,17,0,0,0,0,0,0,0
2012,47.12761688,136,8.741486549,Einsiedeln,8840,4,Wohnung,990000,0.009703031,27,42,6,35,4,0,0,4,76
2009,47.34918976,163,8.28208828,Wohlen (AG),5610,4,Wohnung,990000,0,22,30,11,42,3,0,0,3,89
1982,46.09594727,63,7.234958172,Bagnes,1936,2,Wohnung,960000,0.000268458,59,86,10,11,0,0,0,0,8
2019,47.37288284,116,8.641345978,Fällanden,8117,3,Wohnung,925000,0.011911038,7,8,7,46,3,0,3,3,68
2018,46.79204178,105,9.817250252,Davos,7270,4,Wohnung,940000,0.006533408,95,141,7,60,3,0,0,3,22
2016,46.15749741,111,8.780776024,Ascona,6612,3,Wohnung,980000,0.040440384,35,74,10,31,3,0,0,3,19
2015,47.4126358,133,7.548755169,Breitenbach,4226,4,Wohnung,950000,0,20,33,4,7,3,0,0,3,16
2018,47.50037384,91,7.592695713,Reinach (BL),4153,3,Wohnung,995000,0.000961483,12,15,18,41,3,0,0,3,83
2019,47.23636246,177,7.604556084,Flumenthal,4534,4,Wohnung,980000,0.04381976,30,63,9,9,3,0,0,3,19
2018,47.45133209,136,9.014996529,Sirnach,8371,3,Wohnung,910000,0,31,47,2,2,0,0,0,0,3
1972,46.77651596,141,9.670952797,Arosa,7050,4,Wohnung,955000,0.006687745,90,154,3,19,3,0,0,3,17
2018,47.18938828,120,8.897253036,Wangen (SZ),8855,4,Wohnung,930000,0.011582211,26,37,2,2,0,0,0,0,5
2018,47.31110764,120,8.721106529,Mönchaltorf,8617,4,Wohnung,995000,0.000347732,15,29,20,29,3,0,3,3,57
2018,47.00648117,105,9.507819176,Bad Ragaz,7310,3,Wohnung,950000,0.061467294,56,72,2,3,0,0,0,0,3
2019,47.65987015,162,9.123699188,Tägerwilen,8274,4,Wohnung,980000,0.111061983,40,83,0,0,0,0,0,0,0
2007,47.45252228,173,8.051872253,Densbüren,5026,6,Einfamilienhaus,1200000,0,29,55,1,1,0,0,0,0,3
1977,47.52738953,126,7.57011795,Bottmingen,4103,4,Wohnung,990000,0.004107462,6,12,4,32,3,0,0,3,58
1989,46.41732407,125,6.275321484,Gland,1196,4,Wohnung,910000,0.000181611,21,20,2,18,17,0,0,17,67
2018,47.5106163,180,8.028360367,Frick,5070,4,Wohnung,925000,0.009586785,24,33,9,11,3,0,0,3,29
2016,47.32221985,125,8.49204731,Stallikon,8143,4,Wohnung,950000,0.000884504,9,13,8,47,0,0,0,0,101
2005,46.14883423,75,8.73854351,Ronco sopra Ascona,6613,2,Wohnung,995000,0.376704443,40,86,1,3,0,0,0,0,3
1982,47.42835999,120,8.391974449,Oetwil an der Limmat,8955,4,Wohnung,960000,0.049662491,11,26,8,68,4,0,3,3,127
2008,46.22394562,134,7.274758339,Vétroz,1963,3,Wohnung,940000,7.67E-05,53,86,9,26,3,0,0,3,46
1972,46.0912056,125,7.221710682,Bagnes,1936,4,Wohnung,940000,0,59,86,9,16,4,0,3,3,35
2007,46.70238113,135,7.735178471,Sigriswil,3658,4,Wohnung,998000,0.35319134,27,49,9,20,3,0,0,3,24
2003,46.63076782,75,8.053768158,Grindelwald,3818,2,Wohnung,945000,0,50,98,4,20,3,0,0,3,7
2018,47.22111893,158,8.999008179,Uznach,8730,4,Wohnung,1200000,0.008874214,30,46,6,18,3,0,3,3,23
2016,47.27733994,98,8.451010704,Affoltern am Albis,8910,2,Wohnung,930000,0.001494301,15,22,10,28,16,0,0,16,46
2018,47.19392776,83,8.676934242,Richterswil,8833,3,Wohnung,955000,0.002553115,16,24,10,10,4,0,3,3,25
2010,47.27449036,120,8.855305672,Dürnten,8632,4,Wohnung,990000,0.006178987,24,33,1,8,0,0,0,0,26
1986,47.2322464,130,8.856798172,Rapperswil-Jona,8645,4,Wohnung,950000,0.0102424,23,31,17,31,3,0,0,3,69
2019,46.8398819,117,7.626695633,Oberdiessbach,3672,4,Wohnung,997000,0,16,37,3,5,0,0,0,0,12
2019,47.26818848,192,8.202942848,Beinwil am See,5712,4,Wohnung,950000,0.144063693,35,54,8,22,9,0,3,7,41
2003,46.63088226,75,8.054100037,Grindelwald,3818,2,Wohnung,945000,0,50,98,4,20,3,0,0,3,7
2019,47.50297165,113,9.402324677,Roggwil (TG),9325,4,Wohnung,940000,0.001963666,55,107,1,2,3,0,0,3,3
2011,47.47373199,131,9.055501938,Wil (SG),9500,4,Wohnung,945000,0.004217623,33,47,5,33,3,0,0,3,59
2018,47.34212494,119,8.734238625,Uster,8610,4,Wohnung,990000,0.010440084,13,11,4,7,3,0,0,3,16
2018,47.26843643,115,8.340852737,Muri (AG),5630,3,Wohnung,910000,0,21,39,10,42,0,0,0,0,44
2019,47.12715149,157,9.3123703,Walenstadt,8880,4,Wohnung,980000,0.032572495,47,74,4,5,3,0,0,3,10
2009,47.26047897,135,8.855748177,Rüti (ZH),8630,4,Wohnung,995000,0.015031972,23,25,7,31,3,0,0,3,55
1989,47.66352844,170,8.863377571,Stein am Rhein,8260,4,Wohnung,920000,0.133585429,38,63,2,6,3,0,0,3,11
2013,46.72702408,158,9.557331085,Vaz/Obervaz,7078,3,Wohnung,2480000,0.001831864,85,120,5,34,11,3,3,9,15
2006,47.11243057,215,7.305645943,Studen (BE),2557,4,Einfamilienhaus,1050000,0.00413042,21,35,11,15,3,0,3,3,38
2018,47.24856567,110,7.978366375,Reiden,6260,4,Wohnung,699000,0.003025598,37,51,0,0,0,0,0,0,0
2014,47.79352951,161,8.608153343,Bargen (SH),8233,4,Einfamilienhaus,790000,6.63E-05,40,71,4,4,0,0,0,0,8
2003,47.48386383,110,8.562156677,Winkel,8185,4,Wohnung,920000,0,14,31,5,21,0,0,0,0,48
2019,47.37648392,128,8.64050293,Fällanden,8117,4,Wohnung,950000,0.009497028,7,8,0,0,3,0,3,0,0
2017,46.87910843,114,9.878563881,Klosters-Serneus,7250,3,Wohnung,980000,0.008611845,85,112,9,42,0,0,0,0,22
2015,46.64028168,81,8.590265274,Andermatt,6490,3,Wohnung,965000,0.034087607,66,115,6,60,0,0,0,0,28
2000,47.51764679,140,7.552243233,Oberwil (BL),4104,4,Wohnung,920000,0,9,19,10,24,3,0,3,3,44
2018,47.00120926,124,7.414151669,Kirchlindach,3038,4,Wohnung,980000,0,10,8,1,1,0,0,0,0,3
2017,47.38986969,156,8.691334724,Volketswil,8604,3,Wohnung,940000,0.013254929,11,18,2,2,0,0,0,0,0
2016,47.32565308,107,8.469761848,Bonstetten,8906,4,Wohnung,960000,0.024650622,14,15,2,20,4,0,0,4,37
2018,46.00995636,96,8.92946434,Lugano,6932,2,Wohnung,904000,0,7,10,7,9,3,0,0,3,14
2011,47.52974319,125,8.544815063,Bülach,8180,4,Wohnung,970000,0,14,18,4,28,0,0,0,0,59
2003,47.24219131,167,8.923613548,Eschenbach (SG),8733,4,Wohnung,930000,0.005691689,28,45,6,20,3,0,0,3,50
2006,47.31306839,123,8.393396378,Oberlunkhofen,8917,4,Wohnung,980000,3.52E-05,14,23,13,29,6,0,3,4,52
1982,46.10498047,63,7.236967564,Bagnes,1936,2,Wohnung,960000,0.000268458,59,86,11,16,0,0,0,0,6
2019,46.18236923,112,8.819250107,Minusio,6648,3,Wohnung,995000,0.004612304,33,72,8,12,0,0,0,0,11
2017,46.12849808,156,8.715673447,Brissago,6614,4,Wohnung,995000,0.376812002,41,89,1,1,3,0,0,3,0
1910,47.00009155,154,7.416749477,Kirchlindach,3038,4,Wohnung,960000,0,10,8,13,29,9,0,0,9,59
2003,46.95924759,99,10.39821625,Samnaun,7562,4,Sonstiges,985000,0,161,247,4,22,0,0,0,0,3
2019,47.49708176,118,8.70216465,Winterthur,8406,4,Wohnung,925000,0.013459008,16,17,9,51,3,0,3,0,103
1969,46.09722137,97,7.219255447,Bagnes,1936,4,Wohnung,980000,0,59,86,11,30,9,0,3,8,47
2017,47.42255402,183,7.499686241,Laufen,4242,4,Sonstiges,995000,0.014313847,19,23,18,65,25,0,3,22,112
2018,47.03732681,120,8.270204544,Kriens,6010,3,Wohnung,910000,0,34,79,15,18,3,0,0,3,56
1990,46.10524368,90,7.228327751,Bagnes,1936,3,Wohnung,985000,0.000268458,59,86,8,53,3,0,0,3,15
2018,47.27596283,94,8.330287933,Muri (AG),5630,3,Wohnung,920000,0,21,39,4,4,3,0,3,3,11
2015,47.14926147,152,9.149438858,Amden,8873,4,Wohnung,980000,0,38,73,7,14,4,0,3,3,27
2006,47.45985031,159,9.393025398,Wittenbach,9300,6,Wohnung,890000,0.005795363,51,88,8,25,7,0,0,7,51
2020,47.50731659,118,9.434217453,Arbon,9320,5,Wohnung,940000,0.256372719,57,93,0,0,3,0,0,3,0
2013,47.14982605,182,9.141038895,Amden,8873,4,Wohnung,985000,0,38,73,6,31,5,0,0,5,57
2015,46.12470627,85,8.712854385,Brissago,6614,3,Wohnung,999000,0.348834175,41,89,15,36,3,0,0,3,21
2013,47.3430748,185,8.273552895,Wohlen (AG),5610,5,Wohnung,995000,0,22,30,8,36,3,0,0,3,77
2013,47.02241898,154,8.291255951,Kriens,6010,5,Wohnung,995000,0,34,79,4,36,3,0,3,3,124
2016,47.18768311,145,8.024599075,Wauwil,6242,5,Wohnung,925000,0,43,61,5,11,0,0,0,0,29
2008,47.42609406,180,9.616736412,Berneck,9442,5,Wohnung,990000,0.000367475,64,118,6,16,3,0,0,3,45
2010,46.69953537,69,9.53393364,Vaz/Obervaz,7082,3,Wohnung,910000,0,85,120,4,17,3,0,3,0,11
2013,47.21959305,119,7.557117939,Feldbrunnen-St. Niklaus,4532,4,Wohnung,920000,0.056903959,29,59,12,24,3,0,0,3,34
2001,47.51276779,152,8.4765625,Neerach,8173,5,Sonstiges,950000,0.003505881,17,26,9,29,5,3,3,3,40
2017,46.95186996,162,6.829445362,Boudry,2017,5,Wohnung,995000,0.015272797,38,77,2,2,0,0,0,0,4
2018,47.44831467,167,9.107980728,Uzwil,9249,5,Wohnung,925000,0.000116024,39,54,10,13,3,0,3,3,22
2009,47.46867752,142,7.59722662,Aesch (BL),4147,5,Sonstiges,998000,0.015802496,11,14,17,57,28,0,4,24,136
2018,47.43938065,123,8.269542694,Baden,5406,4,Wohnung,980000,0,20,16,18,22,0,0,0,0,48
2009,47.4600563,134,8.24501133,Birmenstorf (AG),5413,5,Wohnung,980000,0.046386478,16,41,4,7,0,0,0,0,16
1990,47.47323227,176,8.602412224,Lufingen,8426,5,Wohnung,950000,0,12,22,5,26,4,0,0,4,49
1990,47.47311401,160,8.60280323,Lufingen,8426,6,Wohnung,980000,0,12,22,4,19,3,0,0,3,39
2000,46.86769104,243,8.239058495,Sachseln,6072,5,Sonstiges,975000,0.252254962,46,98,8,22,9,0,3,8,37
2007,47.4944725,150,8.254036903,Turgi,5300,5,Sonstiges,980000,0.064191119,24,25,11,34,3,0,3,3,71
1597,47.52782822,235,8.467418671,Stadel,8174,4,Sonstiges,998000,0.000122101,20,33,15,41,7,0,0,7,69
2018,47.27988815,198,8.369486809,Aristau,5628,5,Wohnung,965000,0.003147714,21,38,2,2,0,0,0,0,3
2012,47.20302963,160,9.006572723,Benken (SG),8717,6,Wohnung,950000,0.009843938,31,56,10,24,0,0,0,0,60
2004,47.50342178,134,8.774303436,Winterthur,8409,5,Wohnung,970000,0.003676074,16,17,4,25,3,0,0,3,61
1964,46.48926163,128,9.895780563,Pontresina,7504,5,Mehrfamilienhaus,990000,0.020503152,105,202,7,36,3,0,3,0,64
2019,47.11276245,116,9.06106472,Glarus Nord,8868,4,Wohnung,910000,0.019399303,34,55,8,15,0,0,0,0,26
1974,47.05041885,126,8.351252556,Luzern,6006,5,Wohnung,965000,0.089527809,31,48,1,10,0,0,0,0,25
2002,47.27560043,172,8.45158577,Affoltern am Albis,8910,5,Sonstiges,920000,0.001494301,15,22,9,60,3,0,0,3,148
2019,47.4018898,123,8.282528877,Tägerig,5522,5,Wohnung,950000,0.0424489,22,58,5,6,3,0,0,3,19
2018,46.96355057,120,7.495595455,Ostermundigen,3072,4,Wohnung,910000,0,6,16,3,22,0,0,0,0,40
1996,47.51388931,141,7.554585934,Oberwil (BL),4104,5,Wohnung,945000,0,9,19,11,28,12,0,3,11,58
2018,46.78222656,204,7.605831623,Heimberg,3627,5,Wohnung,935000,0.024902716,16,38,12,24,0,0,0,0,60
1996,47.5165596,118,7.694155216,Pratteln,4133,5,Wohnung,980000,0,10,14,24,35,3,0,3,3,74
2008,47.13779068,185,7.921427727,Zell (LU),6144,6,Wohnung,965000,0.008121395,42,80,8,24,3,0,3,3,67
1972,47.44916534,135,8.580572128,Kloten,8302,5,Wohnung,950000,0,9,7,5,33,3,0,0,3,70
2013,47.48664856,150,8.202658653,Brugg,5200,5,Wohnung,945000,0.045771267,23,24,3,12,0,0,0,0,24
2017,47.23279572,121,7.571396351,Riedholz,4533,4,Wohnung,995000,0.096021277,29,62,6,11,0,0,0,0,14
2017,47.60416794,131,9.285941124,Güttingen,8594,4,Wohnung,930000,0.000598438,48,96,10,22,3,0,0,3,48
2017,47.3978653,143,8.016084671,Erlinsbach (AG),5018,4,Wohnung,950000,0.025382365,35,55,15,15,0,0,0,0,33
2014,47.39991379,131,8.048847198,Aarau,5000,4,Wohnung,940000,0.090368092,28,26,9,30,3,0,0,3,89
2013,47.5561676,192,9.373194695,Salmsach,8599,5,Einfamilienhaus,1090000,0.148165651,56,91,23,23,3,0,0,3,78
2017,47.03353119,162,9.435933113,Vilters-Wangs,7323,5,Wohnung,940000,0.002906875,55,89,6,14,4,3,3,3,43
1912,47.65208435,139,9.173686028,Kreuzlingen,8280,5,Wohnung,865000,0.08812275,40,74,6,21,9,0,3,7,48
2019,47.42721558,150,8.29561615,Niederrohrdorf,5443,5,Wohnung,915000,0,19,38,2,2,3,0,0,3,0
2018,47.33843231,134,8.439079285,Aesch (ZH),8904,3,Wohnung,1090000,0,10,16,3,12,5,3,3,3,21
2017,46.78404999,190,8.158620834,Lungern,6078,6,Wohnung,920000,0.159974888,56,103,7,19,0,0,0,0,36
2012,47.29587555,157,8.246033669,Fahrwangen,5615,5,Wohnung,995000,0,29,55,7,11,3,3,0,0,21
2007,47.28450012,140,8.529100418,Langnau am Albis,8135,3,Wohnung,1200000,0.000117941,10,14,7,15,3,0,0,3,38
2011,47.35874557,161,8.824310303,Hittnau,8335,4,Wohnung,1155000,0.002806894,21,40,14,39,3,0,3,3,84
1984,47.47031403,100,9.482209206,Rorschacherberg,9404,4,Wohnung,470000,0,57,91,4,36,3,0,3,3,111
2016,46.86248398,133,8.647906303,Schattdorf,6467,5,Wohnung,985000,0.011128181,51,89,1,1,0,0,0,0,3
1995,47.39352798,100,8.46983242,Zürich,8048,3,Wohnung,1100000,0.000125069,0,0,4,14,3,0,3,0,32
2019,46.80679703,156,7.102200508,Corminboeuf,1720,5,Wohnung,920000,0,20,57,2,18,3,0,0,3,42
2019,47.47293854,104,7.600004196,Aesch (BL),4147,3,Wohnung,1050000,0.028100471,11,14,18,20,3,0,0,3,37
2020,47.41581345,87,8.554472923,Zürich,8050,3,Wohnung,1040000,0.003085569,0,0,0,0,3,0,0,3,0
2017,47.30872345,215,7.817979336,Härkingen,4624,5,Sonstiges,935000,0,27,63,6,21,4,0,3,3,26
2013,47.26374817,192,8.394417763,Merenschwand,5634,3,Wohnung,1180000,0.044520656,19,40,7,11,3,3,0,3,24
2017,46.63946533,94,8.588397026,Andermatt,6490,3,Wohnung,1015000,0.024314142,66,115,0,0,0,0,0,0,0
2011,47.41768646,163,8.367364883,Spreitenbach,8957,5,Wohnung,930000,0.000528118,12,14,8,36,3,0,0,3,76
2014,47.39973068,131,8.048742294,Aarau,5000,4,Wohnung,940000,0.090219971,28,26,9,30,3,0,0,3,89
2018,47.38757324,131,8.077739716,Buchs (AG),5033,5,Wohnung,960000,0.014328388,27,41,12,21,0,0,0,0,43
2017,47.03357697,159,9.43530941,Vilters-Wangs,7323,5,Sonstiges,940000,0.002906875,55,89,12,32,7,0,3,6,78
1970,46.09870148,80,7.222948074,Bagnes,1936,3,Wohnung,1250000,0.000268458,59,86,9,41,3,0,0,3,21
1993,46.30762863,118,6.182253838,Tannay,1295,3,Wohnung,1065000,0.419513111,15,19,3,21,13,0,3,11,85
2017,47.2766304,154,8.346059799,Muri (AG),5630,5,Wohnung,990000,0,21,39,6,16,3,0,0,3,27
2004,47.32339859,192,8.440159798,Islisberg,8905,5,Sonstiges,990000,0,12,28,10,40,4,0,3,3,79
1998,47.38383484,89,8.573277473,Zürich,8044,3,Wohnung,1185000,0.000237201,0,0,5,35,3,0,0,3,58
1974,46.10453415,180,7.224386215,Bagnes,1936,6,Wohnung,2590000,0.000268458,59,86,9,30,3,0,0,3,12
2004,46.93712234,162,7.354576111,Bern,3019,5,Wohnung,920000,0,0,0,21,34,3,0,0,3,84
1997,47.05197525,134,8.258522987,Luzern,6014,5,Wohnung,990000,0.018853181,34,72,9,55,9,0,4,5,189
2015,45.99227524,117,8.941051483,Lugano,6900,3,Wohnung,1250000,0.098595208,0,0,7,62,6,0,0,6,133
2010,46.45959091,80,9.795555115,Silvaplana,7513,3,Wohnung,1250000,0.288938414,94,227,12,75,3,0,0,3,17
2019,46.51947021,90,6.656146049,Lausanne,1012,3,Wohnung,1180000,0,0,0,9,17,0,0,0,0,19
2017,47.52084732,137,8.583068848,Embrach,8424,5,Sonstiges,952000,0.010125855,14,27,2,12,0,0,0,0,7
2016,47.32418442,205,8.20345974,Seengen,5707,6,Wohnung,985000,0.068317388,31,53,7,26,0,0,0,0,39
2016,46.15037155,118,8.776885033,Ascona,6612,2,Wohnung,1125000,0.396737345,35,74,7,36,3,0,0,3,14
1986,46.43393707,80,9.76391983,Sils im Engadin/Segl,7514,3,Wohnung,1100000,0.035889077,91,237,8,57,3,0,0,3,20
2019,47.39165878,118,8.685661316,Volketswil,8604,4,Wohnung,1250000,0.006986053,11,18,7,16,3,0,0,3,30
2018,46.98347092,103,9.569515228,Malans,7208,3,Wohnung,1040000,0,59,76,9,11,0,0,0,0,27
1997,47.25973511,100,8.592535973,Horgen,8810,3,Wohnung,1250000,0.220828342,15,12,5,36,3,0,3,3,70
2010,47.1494751,151,9.145096779,Amden,8873,5,Wohnung,965000,0,38,73,5,33,3,0,3,3,34
2016,46.86221313,140,8.647907257,Schattdorf,6467,6,Wohnung,995000,0.011176974,51,89,1,1,0,0,0,0,3
1973,47.54563522,177,9.289183617,Amriswil,8580,6,Wohnung,995000,0.000142544,52,64,1,10,3,0,0,3,30
1984,46.72887421,75,9.55851841,Vaz/Obervaz,7078,3,Wohnung,1150000,0.009322928,85,120,8,32,0,0,0,0,40
2007,47.21801758,142,8.611004829,Hirzel,8816,3,Wohnung,1150000,0.000879962,15,35,11,13,3,0,0,3,37
2019,46.93655014,110,7.498723984,Bern,3073,4,Wohnung,1380000,0,6,14,12,21,3,0,3,3,39
2018,46.97393417,114,7.493998051,Bolligen,3065,3,Wohnung,1040000,0,6,14,4,8,3,0,3,3,9
2016,46.17633438,102,8.796936989,Orselina,6644,3,Wohnung,1240000,0.023616973,34,76,2,11,3,0,0,3,3
2010,46.85590744,125,9.531288147,Chur,7000,5,Wohnung,960000,0.003456478,66,79,8,57,10,0,0,10,102
2016,47.36243439,134,8.388760567,Rudolfstetten-Friedlisberg,8964,5,Wohnung,980000,0,13,21,14,34,3,0,0,3,55
2017,47.21464539,151,8.09844017,Büron,6233,5,Wohnung,990000,0.00099684,40,69,4,40,3,0,0,3,105
2011,47.45042419,150,8.469534874,Regensdorf,8106,5,Wohnung,1470000,0,9,6,12,25,3,0,0,3,60
2019,46.8329277,60,9.281359673,Flims,7017,3,Wohnung,1010000,0.002073043,78,119,0,0,3,0,0,3,0
2018,47.40357208,124,8.50062561,Zürich,8049,4,Wohnung,2480000,0.028963496,0,0,10,19,3,0,0,3,47
1998,47.32530594,315,8.199128151,Seengen,5707,7,Wohnung,1480000,0.030235315,31,53,5,41,3,0,0,3,89
2005,47.51248169,155,8.540262222,Bülach,8180,4,Wohnung,1490000,0.000156126,14,18,7,49,3,0,0,3,131
2016,47.00199509,160,8.620778084,Ingenbohl,6440,5,Wohnung,1270000,0.01524686,38,56,8,28,3,0,0,3,74
2010,47.11007309,135,7.253795147,Port,2562,4,Wohnung,1240000,0.011110486,25,48,3,17,0,0,0,0,28
1985,46.10044861,67,7.210014343,Bagnes,1936,3,Wohnung,1050000,0,59,86,10,10,0,0,0,0,6
1985,46.10150146,67,7.228238583,Bagnes,1936,3,Wohnung,1050000,0.000268458,59,86,7,24,0,0,0,0,8
2011,46.77715302,73,9.664961815,Arosa,7050,3,Wohnung,1250000,0.000400558,90,154,9,18,0,0,0,0,9
2018,47.13746643,110,8.599784851,Oberägeri,6315,2,Wohnung,1140000,0.337739691,30,55,5,10,0,0,0,0,15
1989,46.80618286,120,9.841219902,Davos,7260,5,Wohnung,1590000,0.012286436,95,141,9,32,0,0,0,0,18
2015,47.04253769,104,8.321252823,Luzern,6005,3,Wohnung,1200000,0.338800369,31,48,7,66,11,0,3,9,162
2010,47.60925674,145,9.299559593,Güttingen,8594,4,Wohnung,1600000,0.468000748,48,96,9,12,6,0,0,6,32
2016,47.01597595,199,8.481687546,Vitznau,6354,4,Wohnung,2960000,0.285176894,35,102,1,4,0,0,0,0,7
2003,46.62782288,78,8.046068192,Grindelwald,3818,3,Wohnung,1250000,0,50,98,4,14,0,0,0,0,3
1992,46.1003418,73,7.210493088,Bagnes,1936,3,Wohnung,1090000,0,59,86,10,10,0,0,0,0,6
1993,46.16588593,109,8.796430588,Locarno,6600,4,Wohnung,1160000,0.162508494,35,57,3,23,30,0,3,29,80
2018,46.17710495,166,8.810361862,Minusio,6648,4,Wohnung,2900000,0.12453196,33,72,24,58,11,0,4,7,85
2009,47.4295311,180,8.575644493,Opfikon,8152,4,Wohnung,1690000,0.010333141,8,3,3,23,0,0,0,0,59
2012,46.80195618,103,9.254714012,Laax,7031,3,Wohnung,1135000,0.0114154,81,134,7,50,4,0,0,4,53
1993,46.86986923,81,9.881968498,Klosters-Serneus,7250,3,Sonstiges,1015000,0.015242648,85,112,7,44,7,3,0,6,33
2015,45.99470139,86,8.916307449,Muzzano,6933,3,Wohnung,1010000,0.156121983,10,18,6,6,3,0,3,0,14
1965,46.49978638,105,9.837981224,St. Moritz,7500,4,Wohnung,1430000,0.135979423,99,203,9,52,5,0,0,5,20
2018,47.04913712,150,8.365262032,Meggen,6045,4,Wohnung,2409000,0.000567752,35,67,8,10,0,0,0,0,19
2019,47.30518341,88,8.604228973,Erlenbach (ZH),8703,3,Wohnung,1250000,0.001222008,12,9,7,30,0,0,0,0,42
2011,47.22517014,132,8.261580467,Hitzkirch,6285,3,Wohnung,990000,8.38E-05,32,69,8,38,17,0,3,16,59
2013,47.11222458,210,7.305406094,Studen (BE),2557,5,Wohnung,1290000,0.003780485,21,35,11,19,3,0,0,3,47
1969,47.23451614,165,8.649932861,Wädenswil,8820,6,Wohnung,1540000,0.005864794,18,18,9,17,3,0,0,3,41
2005,46.58040237,100,9.921660423,La Punt-Chamues-ch,7522,3,Wohnung,1090000,0.020569102,109,179,5,29,3,0,0,3,53
2020,47.13816833,141,8.613059044,Oberägeri,6315,3,Wohnung,2610000,0.212657324,30,55,6,11,3,0,0,3,18
2019,46.74692917,113,7.646605968,Hilterfingen,3626,3,Wohnung,1210000,0.244674941,25,42,9,9,3,0,3,3,18
1600,47.52332687,145,7.572838306,Bottmingen,4103,3,Wohnung,1195000,0.002784366,6,12,14,40,12,3,3,10,132
1979,47.18637085,208,8.746809006,Feusisberg,8835,7,Wohnung,2570000,0,20,32,5,45,7,0,0,7,68
2016,47.31196976,147,8.392710686,Oberlunkhofen,8917,3,Wohnung,1130000,0,14,23,10,52,6,0,3,4,84
2019,46.03544998,96,8.961513519,Comano,6949,3,Wohnung,1050000,0.010501611,9,22,5,10,4,0,0,4,16
2008,47.49528122,165,8.903306961,Aadorf,8355,5,Wohnung,1250000,0.003677542,31,31,15,64,3,0,0,3,135
2010,46.79577637,126,9.818145752,Davos,7270,4,Wohnung,2400000,0.006169518,95,141,3,22,0,0,0,0,7
1972,46.72444534,120,9.557711601,Vaz/Obervaz,7078,3,Wohnung,1185000,0.000130918,85,120,2,14,5,0,0,5,8
2018,47.36624146,115,8.769670486,Pfäffikon,8330,4,Wohnung,1340000,0.153836906,17,26,0,0,0,0,0,0,0
1990,45.92400742,208,8.917104721,Morcote,6922,4,Wohnung,3420000,0.542481027,15,31,6,11,0,0,0,0,4
1978,47.55959702,124,7.580430508,Basel,4056,4,Wohnung,1050000,0.082366717,0,0,4,18,6,0,3,5,47
2018,47.68426895,123,8.665423393,Feuerthalen,8246,4,Wohnung,1380000,0.060530152,33,56,2,3,3,3,0,0,3
2016,46.00744629,139,8.955064774,Lugano,6900,3,Wohnung,1250000,0.163887832,0,0,4,25,268,0,18,250,44
2002,47.26029968,128,8.685092926,Männedorf,8708,4,Wohnung,1560000,0.203377187,21,19,3,26,3,0,0,3,63
1964,46.10718155,79,7.22465992,Bagnes,1936,3,Wohnung,1080000,0.000268458,59,86,7,9,0,0,0,0,4
2011,46.70490265,131,7.729577065,Sigriswil,3658,3,Wohnung,1190000,0.429776457,27,49,9,17,0,0,0,0,20
2015,46.15480804,152,8.772501945,Ascona,6612,4,Wohnung,1830000,0.22875797,35,74,12,41,6,0,0,6,45
2018,46.79708862,112,9.82046032,Davos,7270,3,Wohnung,1090000,0.00642963,95,141,7,30,4,0,3,3,29
2020,47.12295151,79,9.323788643,Küsnacht (ZH),8700,2,Wohnung,1136000,0,47,74,10,13,3,0,0,3,31
2018,47.20309448,96,8.687818527,Richterswil,8805,3,Wohnung,1010000,0.009878261,16,24,17,19,3,0,0,3,50
2018,47.51468658,143,7.545846462,Oberwil (BL),4104,5,Wohnung,1750000,0,9,19,7,7,0,0,0,0,18
1973,46.09641266,81,7.234503746,Bagnes,1936,3,Wohnung,1030000,0.000268458,59,86,9,10,3,0,0,3,5
1988,46.82446671,114,9.262206078,Laax,7032,3,Sonstiges,1190000,0.004973909,81,134,7,15,0,0,0,0,6
2011,47.38759613,88,8.4836092,Zürich,8048,3,Wohnung,1050000,0,0,0,7,45,23,3,4,18,153
1930,45.95520782,163,8.945051193,Melide,6815,4,Wohnung,1290000,0.277709936,11,8,4,20,3,0,0,3,38
2016,46.48823929,69,7.264899254,Saanen,3792,2,Wohnung,1046520,0.008836382,61,109,6,31,3,0,3,3,45
2011,46.83564758,110,9.288024902,Flims,7017,3,Wohnung,1250000,0,78,119,8,70,0,0,0,0,13
2011,47.27669144,134,8.454231262,Affoltern am Albis,8910,5,Wohnung,1300000,0.001494301,15,22,20,38,3,0,0,3,122
2012,46.82845306,139,9.286349297,Flims,7018,3,Sonstiges,1141000,0.00915124,78,119,6,24,0,0,0,0,13
2011,47.54999542,160,7.548392296,Allschwil,4123,3,Wohnung,1880000,0.000254431,8,6,19,80,6,0,3,4,162
2005,47.02897644,132,8.452710152,Weggis,6353,4,Wohnung,1550000,0.329505131,32,84,5,9,3,0,0,3,16
2006,47.4750061,157,7.593242645,Aesch (BL),4147,5,Wohnung,1420000,0.010361863,11,14,17,39,3,0,0,3,100
2018,46.68652725,111,9.563405037,Lantsch/Lenz,7083,3,Wohnung,1195000,6.91E-05,88,133,7,26,3,0,0,3,9
2007,47.42147064,143,8.546376228,Zürich,8052,3,Wohnung,1390000,0,0,0,1,4,3,0,0,3,14
2020,47.47861481,163,9.122609138,Zuzwil (SG),9524,4,Wohnung,1450000,0,37,66,1,2,0,0,0,0,3
2016,47.24623108,153,8.493561745,Rifferswil,8911,3,Wohnung,1090000,0,17,38,9,17,3,0,3,0,29
2019,47.2482338,138,8.63372612,Wädenswil,8804,4,Wohnung,1785000,0.308432602,18,18,12,34,3,0,0,3,72
2017,47.52357101,110,8.538570404,Bülach,8180,3,Wohnung,1070000,0.000525725,14,18,7,17,3,0,0,3,31
2011,46.77096558,130,7.020756721,La Brillaz,1756,4,Mehrfamilienhaus,835000,0.00037942,29,59,6,6,0,0,0,0,20
2017,47.20616913,101,8.691804886,Richterswil,8805,3,Wohnung,1180000,0,16,24,6,14,3,0,0,3,26
2016,47.53380203,133,7.587599277,Basel,4059,3,Wohnung,1750000,0.000530611,0,0,12,26,9,0,0,9,54
2018,46.84928131,118,9.52894783,Chur,7000,3,Wohnung,1125000,0.004786224,66,79,4,20,27,0,3,25,34
1995,47.28569794,140,8.619718552,Herrliberg,8704,5,Wohnung,1625000,0.068667074,15,13,10,15,3,0,0,3,44
2017,47.51807404,154,8.545953751,Bülach,8180,4,Wohnung,1395000,0.000429433,14,18,3,28,0,0,0,0,59
2007,47.0737915,150,7.31491375,Lyss,3250,4,Wohnung,1440000,0.006374091,20,22,23,26,3,0,0,3,75
2013,47.42667007,185,8.301754951,Niederrohrdorf,5443,5,Wohnung,1695000,0,19,38,8,63,6,0,0,6,110
2016,47.50156021,219,8.344995499,Ehrendingen,5420,5,Wohnung,1470000,0.005500261,23,39,16,35,3,0,0,3,87
2007,47.35570145,168,8.586096764,Zürich,8053,5,Wohnung,2920000,0.000167336,0,0,8,12,3,0,0,3,33
1992,46.09297943,73,7.230960846,Bagnes,1936,3,Wohnung,1090000,0,59,86,6,47,3,0,0,3,16
2014,47.35007095,178,8.444342613,Birmensdorf (ZH),8903,6,Wohnung,1990000,0.000864045,7,9,9,14,0,0,0,0,36
2013,46.01131439,200,8.953790665,Lugano,6900,4,Wohnung,2700000,0.019697171,0,0,10,63,48,0,4,44,109
2018,46.88212585,138,8.226191521,Sarnen,6062,4,Wohnung,1620000,0.418786993,47,84,4,13,3,0,0,3,23
2004,47.47280884,267,9.050104141,Wil (SG),9500,7,Wohnung,1850000,0.004217623,33,47,5,22,3,0,0,3,53
2003,47.35784149,280,8.100383759,Gränichen,5722,3,Wohnung,1400000,0.008350125,31,45,9,32,4,0,0,4,97
2017,47.01072693,160,7.488435745,Moosseedorf,3302,4,Wohnung,1680000,0.003205102,10,18,10,25,0,0,0,0,43
2016,47.16820908,173,8.095912933,Sursee,6210,5,Wohnung,1590000,0.000337744,45,57,3,30,3,0,0,3,112
2006,46.95733643,195,8.336231232,Ennetmoos,6372,6,Wohnung,1350000,0,48,98,7,36,3,3,0,3,82
2017,47.5542984,83,7.572707653,Basel,4054,4,Sonstiges,1190000,0.001766203,0,0,43,85,15,0,3,13,153
1964,46.1050415,79,7.226931572,Bagnes,1936,3,Wohnung,1080000,0.000268458,59,86,8,27,0,0,0,0,5
2017,47.47924423,203,9.480700493,Goldach,9403,5,Wohnung,1490000,0.25171008,54,83,8,60,3,0,0,3,119
2006,46.17699051,126,6.872971535,Champéry,1874,3,Wohnung,1250000,0.009106939,44,99,4,32,0,0,0,0,13
2017,46.22962189,228,7.346628189,Sion,1950,5,Wohnung,1860000,0.008830107,55,60,13,114,3,0,3,3,247
2017,47.50598145,104,8.548556328,Bachenbülach,8184,3,Wohnung,1145000,0,13,26,13,31,3,0,0,3,78
2005,47.19117737,275,8.850955009,Lachen,8853,6,Wohnung,2450000,0.247076554,24,31,8,40,18,0,3,15,105
1963,46.81164932,143,9.847344398,Davos,7260,4,Wohnung,1470000,0.087648686,95,141,4,18,3,3,0,3,20
2007,46.83681488,121,9.289732933,Flims,7017,4,Wohnung,1155000,0,78,119,5,41,3,0,0,3,26
2020,47.57246017,180,7.654726982,Riehen,4125,4,Wohnung,2390000,0.000317176,7,6,4,4,0,0,0,0,9
1973,46.09109879,81,7.231692314,Bagnes,1936,3,Wohnung,1030000,0,59,86,6,58,3,0,3,0,18
2017,45.95946503,82,8.938227654,Lugano,6914,3,Wohnung,1050000,0.021300469,11,25,8,14,3,0,0,3,17
2017,46.0122261,160,8.926633835,Lugano,6932,4,Wohnung,1550000,0.00514953,7,10,2,10,3,0,0,3,9
2005,46.5095787,110,9.8568573,Celerina/Schlarigna,7505,3,Wohnung,1200000,0.013614484,101,198,11,38,3,0,0,3,75
1993,47.18946838,265,8.680416107,Richterswil,8833,5,Wohnung,1550000,0.051581514,16,24,1,1,3,0,0,3,3
2003,46.80891037,110,9.842568398,Davos,7260,4,Wohnung,1125000,0.03053099,95,141,4,30,4,0,3,3,31
2016,47.36763,145,8.528541565,Zürich,8002,4,Wohnung,3200000,0.059760877,0,0,8,40,4,0,0,4,46
2017,47.5655098,149,8.268266678,Döttingen,5312,4,Wohnung,1250000,0.010483346,30,48,3,28,0,0,0,0,7
1993,46.43963623,140,6.911046028,Montreux,1820,4,Wohnung,1100000,0.182290046,22,20,4,25,4,0,3,3,55
2018,47.5387764,127,8.728459358,Seuzach,8472,4,Sonstiges,1050000,0.001615496,20,30,5,19,0,0,0,0,32
2012,46.38023758,155,7.631141663,Leukerbad,3954,4,Wohnung,1350000,0,80,124,5,50,3,0,0,3,20
2016,47.36067963,100,8.599719048,Zürich,8053,3,Wohnung,1090000,0,0,0,6,39,3,0,0,3,79
2017,47.41563416,236,9.436969757,Speicher,9042,5,Wohnung,1675000,0.000197148,58,103,6,29,5,0,0,5,35
1999,46.73471069,156,7.669734955,Oberhofen am Thunersee,3653,4,Wohnung,1230000,0.185205207,26,48,9,34,3,0,3,3,56
2016,46.00161362,131,8.943954468,Lugano,6900,4,Wohnung,1350000,0.141358919,0,0,4,20,3,0,0,3,36
2002,47.3742485,168,8.636209488,Fällanden,8117,4,Wohnung,1330000,0.007071839,7,8,15,40,3,0,0,3,97
2020,47.41568375,107,8.554761887,Zürich,8050,3,Sonstiges,1090000,0.003644575,0,0,0,0,3,0,0,3,0
2017,47.47890091,202,9.480976105,Goldach,9403,5,Wohnung,1390000,0.242171488,54,83,2,10,3,0,0,3,19
2013,46.4459343,206,6.904868126,Montreux,1822,6,Wohnung,3390000,0.060349404,22,20,4,8,0,0,0,0,15
2014,47.24427795,109,8.719841003,Stäfa,8712,3,Wohnung,1190000,0.197121256,25,23,9,21,3,0,0,3,62
1970,46.00539017,92,8.970798492,Lugano,6900,2,Wohnung,1150000,0.267888255,0,0,11,60,28,0,5,23,129
1983,46.7952919,118,9.825972557,Davos,7270,4,Wohnung,1090000,0.007613009,95,141,4,26,3,0,3,0,35
2011,46.52037048,125,6.671927929,Belmont-sur-Lausanne,1092,4,Wohnung,1250000,0,7,9,1,10,3,0,0,3,79
1995,47.13455963,200,8.612381935,Oberägeri,6315,7,Wohnung,1290000,0.458065451,30,55,9,54,9,0,3,8,108
1984,45.9985199,207,8.936975479,Sorengo,6924,6,Wohnung,2500000,0.07169881,8,11,4,4,3,0,0,3,12
2018,47.09704208,113,8.522012711,Walchwil,6318,3,Wohnung,1195000,0.249219122,33,47,11,27,3,0,3,3,57
2017,47.6721077,151,9.084354401,Ermatingen,8272,4,Wohnung,1390000,0.532029584,42,93,8,35,0,0,0,0,62
1982,46.11735916,165,8.707197189,Brissago,6614,4,Wohnung,1280000,0.323523036,41,89,5,27,3,0,0,3,8
2012,45.98418045,205,8.910383224,Collina d'Oro,6926,4,Wohnung,2500000,0.376485892,12,17,9,18,3,0,0,3,12
1970,46.00129318,120,8.976325035,Lugano,6976,3,Wohnung,1220000,0.506570245,0,0,11,20,3,0,0,3,22
1965,46.00341797,183,8.972899437,Lugano,6976,4,Wohnung,2900000,0.373361575,0,0,12,39,4,0,0,4,73
1969,47.3117981,65,9.276011467,Urnäsch,9107,3,Wohnung,250000,0.013332116,55,91,6,16,3,0,3,3,29
2008,46.00082397,230,8.904866219,Agno,6982,5,Wohnung,1900000,0.054245153,10,22,4,38,14,0,3,13,132
2019,47.38767624,131,8.079381943,Buchs (AG),5033,4,Wohnung,1040000,0.014624361,27,41,14,21,3,0,3,3,42
2019,46.28659439,92,6.154096127,Versoix,1290,4,Wohnung,1170000,0.00010497,13,17,8,8,0,0,0,0,23
2015,47.31131363,137,8.58412838,Küsnacht (ZH),8700,3,Wohnung,2750000,0.434482518,10,6,7,42,4,0,3,3,61
2016,47.55386353,210,9.308592796,Amriswil,8580,4,Wohnung,1425000,0.006797078,52,64,8,33,3,0,0,3,61
1967,47.54988098,138,7.610488415,Basel,4052,4,Wohnung,1150000,0.086372628,0,0,10,79,3,0,0,3,151
2018,46.13512421,134,8.827514648,Gambarogno,6579,4,Wohnung,1250000,0.124522498,34,80,7,22,3,0,3,3,15
1900,47.51783752,173,7.699802876,Pratteln,4133,5,Wohnung,1180000,0,10,14,11,32,3,0,0,3,67
2007,47.41786194,111,8.549619675,Zürich,8052,4,Wohnung,1100000,0,0,0,8,35,3,0,0,3,81
2017,47.48765945,200,8.59333992,Lufingen,8426,5,Sonstiges,1090000,0.001285418,12,22,14,23,3,0,0,3,106
1995,47.18273926,111,8.492401123,Zug,6300,4,Wohnung,1040000,0.125477893,25,27,11,92,8,0,0,8,263
1981,46.96836472,150,7.38954401,Bern,3032,5,Sonstiges,1100000,0.072463404,11,15,20,51,5,0,0,5,117
2011,47.47533798,142,8.508194923,Oberglatt,8154,5,Wohnung,1135000,0.005503449,10,9,2,10,0,0,0,0,24
2017,47.01070404,160,7.487181664,Moosseedorf,3302,4,Wohnung,1750000,0.00412014,10,18,12,22,0,0,0,0,34
2018,47.55641556,99,7.55903101,Allschwil,4123,4,Wohnung,1190000,0,8,6,11,55,8,0,3,6,76
2020,47.41526413,136,8.553922653,Zürich,8050,3,Wohnung,2050000,0.001749202,0,0,0,0,8,0,0,8,0
2013,47.20214081,176,8.110383987,Geuensee,6232,4,Wohnung,1220000,0.000206547,40,65,8,14,0,0,0,0,27
2019,47.50374603,129,8.331244469,Freienwil,5423,4,Wohnung,1090000,0.003066909,22,40,2,3,0,0,0,0,3
2018,46.82303238,140,7.1474967,Granges-Paccot,1763,4,Wohnung,1075000,0.045911844,19,47,9,30,3,0,0,3,59
2018,47.50761795,117,7.601746559,Reinach (BL),4153,4,Wohnung,1130000,0.013903323,12,15,7,24,3,0,0,3,46
2017,46.98659134,139,9.56788063,Malans,7208,4,Wohnung,1073380,0,59,76,6,9,0,0,0,0,12
1988,47.46816635,185,9.483584404,Rorschacherberg,9404,6,Wohnung,1120000,0,57,91,14,22,0,0,0,0,36
1972,46.49434662,120,7.264147282,Saanen,3792,6,Sonstiges,1150000,0.004483624,61,109,1,5,0,0,0,0,3
2011,47.1641922,123,8.55439949,Baar,6319,4,Wohnung,1150000,0.010308977,22,22,17,38,4,0,3,3,92
2011,46.17902374,165,8.827170372,Minusio,6648,4,Wohnung,1280000,0.284037995,33,72,8,49,11,0,3,9,112
2010,47.30221176,112,8.76597023,Gossau (ZH),8625,4,Wohnung,1120000,0.000416548,20,31,6,25,3,0,0,3,64
2018,46.78229523,123,7.608228207,Heimberg,3627,4,Wohnung,1085000,0.022664089,16,38,7,35,3,0,0,3,62
2009,47.41708374,130,8.583081245,Wallisellen,8304,4,Wohnung,1050000,0.007474329,7,3,2,18,3,0,0,3,63
2014,46.14069748,135,8.726843834,Ronco sopra Ascona,6613,2,Wohnung,1350000,0.429121251,40,86,12,39,6,0,3,5,27
2014,47.13623428,172,8.320289612,Eschenbach (LU),6274,5,Wohnung,1580000,0,30,73,8,27,0,0,0,0,65
1995,46.33067322,107,6.190798759,Founex,1297,5,Sonstiges,1200000,0.029435053,17,24,7,31,6,0,0,6,71
2018,47.0489769,150,8.366030693,Meggen,6045,4,Wohnung,2335000,0.000567752,35,67,7,25,3,0,0,3,39
2014,47.31098938,163,8.584396362,Küsnacht (ZH),8700,4,Wohnung,3375000,0.43224429,10,6,7,42,4,0,3,3,61
1900,46.52928162,120,6.621462822,Lausanne,1004,5,Wohnung,1195000,0,0,0,4,19,11,0,3,10,44
2007,47.2913475,160,8.234268188,Meisterschwanden,5616,4,Sonstiges,1020000,0.018509301,31,60,12,26,3,0,0,3,64
2011,47.42741013,132,9.396409988,St. Gallen,9000,4,Wohnung,1165000,0.010779846,48,71,5,16,3,0,0,3,38
2010,47.47112274,133,9.507667542,Rorschacherberg,9404,4,Wohnung,1090000,0.009976754,57,91,2,7,3,0,0,3,14
2013,47.57282257,141,8.519483566,Eglisau,8193,4,Wohnung,998000,0.074897988,18,23,17,49,3,0,0,3,130
1985,47.05441666,170,8.337161064,Luzern,6006,4,Wohnung,1700000,0.257621091,31,48,3,10,3,0,0,3,13
2018,47.42240524,135,8.499178886,Zürich,8046,4,Wohnung,1450000,0,0,0,4,38,6,0,0,6,137
2014,47.1333313,126,8.75229454,Einsiedeln,8840,4,Wohnung,1020000,0.018710614,27,42,9,22,0,0,0,0,31
1972,46.47866821,115,9.813928604,St. Moritz,7512,3,Wohnung,1350000,0.053097924,99,203,6,37,3,0,0,3,27
2006,47.23955154,137,8.808829308,Rapperswil-Jona,8645,4,Sonstiges,1250000,0.335887476,23,31,5,6,0,0,0,0,13
2011,46.80263519,120,9.835697174,Davos,7270,4,Wohnung,1250000,0.011971637,95,141,10,64,12,0,3,10,76
2009,46.00817871,90,8.96480751,Lugano,6900,3,Wohnung,1465000,0.177955332,0,0,8,47,3,0,0,3,162
1911,47.56821823,142,7.576133728,Basel,4056,4,Wohnung,1150000,0.091315275,0,0,27,158,15,0,3,14,248
2018,47.60279465,153,8.996211052,Müllheim,8555,5,Wohnung,1123000,0.000433538,31,50,4,4,0,0,0,0,5
1926,47.56433868,150,7.614389896,Basel,4058,6,Wohnung,1190000,0.108763984,0,0,21,58,6,0,0,6,99
2009,46.7917099,127,7.137173176,Villars-sur-Glâne,1752,4,Wohnung,1050000,0.051683326,19,44,8,23,3,0,0,3,62
2007,47.19257355,113,8.807732582,Altendorf,8852,4,Wohnung,1010000,0.035165683,24,33,5,26,4,0,0,4,51
2017,47.23556519,176,8.659841537,Wädenswil,8820,5,Wohnung,2760000,0.280316759,18,18,0,0,0,0,0,0,0
2017,47.40816879,170,8.135466576,Rupperswil,5102,5,Wohnung,1250000,0.06771656,24,33,3,28,0,0,0,0,49
2019,47.4928093,107,9.469780922,Horn,9326,3,Wohnung,790000,0.488267283,55,97,2,4,0,0,0,0,0
1971,47.35170364,144,8.642061234,Maur,8123,5,Wohnung,1150000,0.000320681,13,10,9,52,3,0,0,3,63
2012,47.4702301,155,7.593090534,Aesch (BL),4147,4,Sonstiges,1070000,0.010831205,11,14,12,28,0,0,0,0,45
2009,47.40080643,149,8.624289513,Dübendorf,8600,4,Wohnung,1090000,0.014392259,8,4,12,77,11,0,3,10,213
1976,47.34657288,126,8.605587959,Zollikon,8125,4,Wohnung,1100000,0.000228841,9,3,6,41,5,0,0,5,98
1978,47.47810745,150,8.320354462,Ennetbaden,5408,6,Wohnung,1125000,0.028841145,17,32,12,13,3,0,0,3,43
2019,47.32395172,157,8.440781593,Islisberg,8905,4,Wohnung,1180000,0,12,28,10,22,3,0,0,3,48
2017,47.47443008,174,9.188778877,Niederhelfenschwil,9527,5,Wohnung,1070000,0.032463288,41,78,2,2,0,0,0,0,6
2014,47.25582123,158,8.609745026,Horgen,8810,4,Wohnung,1050000,0.401281537,15,12,4,30,6,0,0,6,81
1983,47.52114868,150,7.56084156,Oberwil (BL),4104,7,Sonstiges,1223000,0.000698267,9,19,9,35,4,0,3,3,73
1996,47.23883438,138,8.74045372,Stäfa,8712,5,Wohnung,1180000,0.205923895,25,23,10,30,3,3,0,3,71
2018,47.68403244,135,8.665691376,Feuerthalen,8246,5,Wohnung,1070000,0.060003875,33,56,2,3,3,3,0,0,3
1990,47.00838852,165,9.533618927,Maienfeld,7304,5,Wohnung,1190000,0,58,76,2,6,3,3,0,0,6
1995,47.57065582,136,7.642998695,Riehen,4125,4,Wohnung,1150000,0.000317176,7,6,8,20,3,0,0,3,31
1990,46.00672531,117,8.95846653,Lugano,6900,4,Wohnung,1155000,0.248723599,0,0,7,30,63,0,3,60,64
1973,47.25653076,134,8.696165085,Männedorf,8708,5,Wohnung,1095000,0.142188117,21,19,8,29,0,0,0,0,53
2004,47.39524078,157,8.452859879,Schlieren,8952,5,Sonstiges,1080000,0.000162612,6,3,11,35,6,0,0,6,66
2018,47.27311325,108,8.104557037,Schmiedrued,5046,4,Wohnung,1090000,0,39,75,2,3,3,0,3,0,3
2018,47.16192245,165,9.468026161,Buchs (SG),9470,4,Wohnung,1180000,0.007902961,62,70,3,8,0,0,0,0,3
2014,47.2866745,156,8.858345032,Hinwil,8340,5,Wohnung,1150000,0.000821406,22,25,8,25,3,0,0,3,44
1991,47.5308609,185,7.590759277,Basel,4059,5,Wohnung,1250000,0,0,0,14,36,3,0,0,3,83
1995,47.23731613,114,8.744086266,Stäfa,8712,4,Wohnung,1190000,0.29119083,25,23,8,18,15,0,4,11,43
2009,47.48599243,118,7.61640358,Dornach,4143,4,Wohnung,1050000,0.015693787,11,10,13,22,0,0,0,0,52
2014,47.54782486,158,9.380495071,Egnach,9322,5,Wohnung,1094000,0.302639962,59,87,6,30,3,0,0,3,61
1999,47.02499008,125,8.284755707,Kriens,6010,4,Wohnung,1150000,0,34,79,20,23,3,0,0,3,39
1974,46.98190689,165,9.576089859,Malans,7208,6,Wohnung,1100000,0,59,76,12,48,9,3,0,8,80
2011,47.33968353,169,8.842014313,Bäretswil,8345,5,Sonstiges,1115000,0.003530429,24,39,5,27,3,0,0,3,58
2011,47.09182739,152,8.349099159,Buchrain,6033,4,Wohnung,1090000,0.009366929,30,60,4,9,13,0,5,8,19
2017,47.17603683,196,8.354616165,Abtwil,5646,5,Wohnung,1150000,0,27,75,8,16,4,3,0,3,20
1829,47.45962143,158,8.632370949,Nürensdorf,8309,4,Wohnung,1250000,0.004893152,16,21,10,10,3,0,0,3,18
1997,46.98146057,187,9.577794075,Malans,7208,5,Wohnung,980000,0,59,76,13,22,3,0,3,3,40
1925,46.70043945,149,7.799283028,Beatenberg,3803,6,Wohnung,950000,0,36,82,12,32,0,0,0,0,35
2018,46.1860199,132,9.028216362,Bellinzona,6500,4,Wohnung,1250000,0,26,25,3,3,0,0,0,0,5
2003,47.48419571,162,7.745710373,Liestal,4410,4,Wohnung,1100000,0.010132473,15,16,11,19,3,0,0,3,40
2007,47.22610092,150,8.936817169,Schmerikon,8716,5,Wohnung,1058000,0.370810329,30,43,7,32,3,0,0,3,60
2017,47.36184692,135,8.102645874,Gränichen,5722,4,Wohnung,1090000,0.007805228,31,45,9,9,0,0,0,0,23
2018,47.04595184,136,8.606182098,Steinen,6422,5,Wohnung,1090000,0.02973021,35,57,11,19,5,0,3,3,60
2008,47.56882858,110,7.588770866,Basel,4057,4,Wohnung,1150000,0.128499285,0,0,19,122,18,0,0,18,291
2017,46.77194977,127,9.0607481,Breil/Brigels,7165,4,Wohnung,1170000,0.018966727,99,134,3,6,0,0,0,0,5
1999,47.33677292,114,8.47312355,Wettswil am Albis,8907,4,Wohnung,1050000,0.021661914,16,14,20,39,3,0,3,3,97
1991,47.39147949,162,9.364636421,Teufen (AR),9052,5,Sonstiges,1060000,0.00958838,54,102,9,46,6,0,0,6,73
1999,47.68284988,138,8.631307602,Flurlingen,8247,4,Wohnung,1150000,0.062359521,31,45,17,21,3,0,0,3,55
2017,47.04344177,112,8.359901428,Meggen,6045,4,Wohnung,1150000,0.07698378,35,67,1,10,0,0,0,0,22
2017,46.97599792,129,7.476119995,Ittigen,3063,5,Wohnung,1165000,0.014657219,7,8,11,47,3,0,0,3,85
2013,47.55796051,160,8.506942749,Glattfelden,8192,5,Wohnung,1085000,0.012260092,19,34,16,24,3,0,0,3,56
1970,47.24380112,120,8.723950386,Stäfa,8712,5,Wohnung,1160000,0.129316132,25,23,10,28,3,0,3,0,61
2010,46.7966423,160,10.29693031,Scuol,7550,5,Wohnung,1215000,0.024899529,134,162,6,25,3,0,0,3,18
2015,47.26880264,180,8.483176231,Aeugst am Albis,8914,5,Wohnung,1250000,6.94E-05,18,30,14,27,4,0,0,4,60
1973,46.82941818,146,9.287748337,Flims,7018,5,Wohnung,1095000,0.003536856,78,119,2,18,0,0,0,0,14
2019,47.06484985,194,7.350973606,Grossaffoltern,3257,5,Wohnung,1180000,0,21,26,1,2,0,0,0,0,0
1996,47.48377609,186,7.724699497,Liestal,4410,5,Sonstiges,1140000,0.004481292,15,16,13,18,3,0,3,3,45
2018,46.88303757,144,8.635099411,Altdorf (UR),6460,5,Wohnung,1021200,0.004940663,49,87,5,36,0,0,0,0,87
2002,47.3500824,143,8.644233704,Maur,8123,4,Sonstiges,1150000,0.000320681,13,10,16,42,4,0,3,3,91
1600,47.32280731,198,9.087714195,Lichtensteig,9620,4,Wohnung,995000,0.032194855,42,73,40,132,23,0,3,21,139
1989,46.51152039,130,9.855093956,Celerina/Schlarigna,7505,5,Wohnung,1100000,0.018577465,101,198,11,44,4,0,0,4,19
1963,46.48944092,115,9.845093727,St. Moritz,7500,4,Wohnung,1200000,0.231679872,99,203,3,28,3,0,0,3,74
2018,47.28795624,158,8.713148117,Egg,8133,5,Wohnung,1240000,0,15,19,5,13,0,0,0,0,33
2019,47.49290466,119,7.730144501,Liestal,4410,4,Wohnung,1150000,0.009765159,15,16,11,31,3,0,0,3,83
1979,46.50267792,98,7.284649849,Saanen,3778,4,Wohnung,1235000,0,61,109,12,27,0,0,0,0,7
2008,47.27929306,179,8.756257057,Grüningen,8627,4,Sonstiges,1040000,0.000360826,18,36,7,15,3,0,0,3,34
2012,47.46440506,145,8.243314743,Birmenstorf (AG),5413,4,Wohnung,1200000,0.053536856,16,41,6,36,3,0,0,3,100
2017,47.69648361,115,8.629692078,Schaffhausen,8200,4,Wohnung,1070000,0.056293783,34,48,16,56,10,0,0,10,82
2002,46.77505875,170,10.1985178,Scuol,7546,6,Wohnung,1050000,0.011271779,124,152,18,35,6,0,3,3,42
2014,47.24362946,185,8.91668129,Eschenbach (SG),8733,5,Wohnung,1225000,0.00095471,28,45,5,14,0,0,0,0,30
1986,47.34392929,134,8.483880043,Stallikon,8143,5,Wohnung,1100000,0,9,13,8,8,0,0,0,0,11
2018,47.35907364,123,8.363097191,Berikon,8965,4,Wohnung,1080000,0,16,25,9,19,3,0,0,3,35
2012,47.19461823,117,8.676025391,Richterswil,8833,4,Wohnung,1210000,0.001587552,16,24,4,15,3,0,0,3,35
2017,47.03458405,159,8.434470177,Weggis,6353,4,Sonstiges,1240000,0.258439973,32,84,5,16,3,0,0,3,22
1990,46.09872437,137,7.239426613,Bagnes,1936,6,Wohnung,1200000,0.000268458,59,86,7,8,3,0,0,3,3
2008,47.55926895,184,8.903144836,Frauenfeld,8500,4,Sonstiges,1140000,0.010518731,28,34,6,21,3,0,0,3,42
1990,46.09099197,137,7.221944332,Bagnes,1936,6,Wohnung,1200000,0,59,86,9,16,4,0,3,3,35
2012,47.1001358,170,9.061686516,Glarus Nord,8752,5,Sonstiges,1190000,0.037362667,33,56,17,53,13,0,0,13,146
1996,47.46976471,133,7.595477104,Aesch (BL),4147,5,Sonstiges,1050000,0.013361502,11,14,7,35,8,0,3,7,95
2018,47.45672226,117,9.388631821,Wittenbach,9300,3,Wohnung,1200000,0.000180948,51,88,7,8,3,0,0,3,13
1990,47.18066788,186,8.874064445,Galgenen,8854,5,Wohnung,1130000,0.007919779,23,54,13,55,9,3,0,7,116
1975,47.00122452,117,8.588747025,Ingenbohl,6440,4,Wohnung,1250000,0.314878769,38,56,1,10,10,0,0,10,120
2007,46.29617691,150,7.399930954,Ayent,1972,6,Wohnung,1200000,0.000911176,62,101,10,49,3,0,3,0,15
2005,47.07679367,208,8.332605362,Ebikon,6030,5,Wohnung,1070000,0.030794391,31,51,14,48,5,0,0,5,132
2015,47.62506104,195,9.240677834,Münsterlingen,8597,5,Wohnung,1150000,0.063903175,46,96,5,11,4,3,0,3,19
2000,47.70672226,174,8.619086266,Schaffhausen,8200,5,Wohnung,1050000,0.002102294,34,48,6,34,5,3,0,4,27
2005,47.52794266,132,7.569963932,Bottmingen,4103,5,Wohnung,1170000,0.0042668,6,12,11,63,3,0,3,3,106
2014,47.53324509,195,8.581125259,Rorbas,8427,6,Wohnung,1120000,0.023548749,18,33,11,21,11,3,4,6,56
2015,47.43623352,106,8.468113899,Regensdorf,8105,4,Wohnung,1190000,0,9,6,8,50,5,0,0,5,151
2001,47.48256683,200,8.707831383,Winterthur,8406,6,Sonstiges,1125000,0.015590039,16,17,2,20,3,0,0,3,42
1970,47.41947937,143,8.595165253,Wallisellen,8304,4,Wohnung,1200000,0,7,3,11,19,3,0,3,0,48
2009,47.33946991,132,8.842664719,Bäretswil,8345,5,Wohnung,1015000,0.00431732,24,39,7,43,3,0,0,3,79
2013,46.17457199,130,8.758091927,Losone,6616,4,Wohnung,1195000,0.048782165,37,108,7,14,4,0,0,4,34
2019,47.36420059,128,8.796112061,Pfäffikon,8330,4,Wohnung,1180000,0.006118886,17,26,7,26,0,0,0,0,49
1999,47.20745087,182,8.197327614,Beromünster,6215,4,Wohnung,950000,0,40,90,4,13,3,0,0,3,32
2004,47.51290894,165,8.47769165,Neerach,8173,5,Sonstiges,1095000,0.003831459,17,26,2,14,3,0,3,3,29
2003,46.68645096,172,7.849452496,Unterseen,3800,4,Sonstiges,1125000,0.041901379,36,70,13,47,12,0,3,11,63
2016,47.74077988,170,8.668509483,Stetten (SH),8234,5,Wohnung,1050000,0.000598261,36,64,2,9,0,0,0,0,11
2019,47.45940399,141,8.634016991,Nürensdorf,8309,5,Sonstiges,1175000,0.004893152,16,21,7,17,3,0,3,3,32
1988,46.47233963,147,7.117618084,Château-d'Oex,1660,5,Wohnung,1150000,0.016779474,53,106,4,32,0,0,0,0,3
2019,47.27666473,138,8.335123062,Muri (AG),5630,5,Wohnung,1200000,0,21,39,5,16,3,0,3,0,16
2015,47.41524506,149,9.254723549,Gossau (SG),9200,5,Wohnung,1170000,0.001012563,42,64,3,17,3,0,3,0,62
2011,46.98937225,142,8.421257019,Ennetbürgen,6373,4,Wohnung,1223000,0.330629627,43,101,7,33,6,0,0,6,59
2018,47.05033493,133,8.617219925,Steinen,6422,5,Wohnung,1160000,0.006634067,35,57,1,2,0,0,0,0,6
2016,46.87726593,175,7.494042873,Belp,3123,6,Wohnung,1170000,0.005654058,9,16,13,16,0,0,0,0,39
1977,47.13893509,100,8.610204697,Oberägeri,6315,4,Wohnung,1170000,0.197998358,30,55,14,22,3,0,0,3,42
1972,46.47877121,115,9.813160896,St. Moritz,7512,4,Wohnung,1180000,0.054768106,99,203,6,37,3,0,0,3,27
2010,46.81639099,130,9.267915726,Laax,7031,4,Sonstiges,1195000,0.003682301,81,134,3,30,3,0,0,3,7
2017,47.35636139,127,8.361206055,Zufikon,5621,4,Sonstiges,1070000,0,14,36,12,12,3,0,0,3,32
2017,47.01085663,150,7.487535477,Moosseedorf,3302,5,Wohnung,1170000,0.004795642,10,18,10,25,0,0,0,0,43
2006,46.21311951,148,6.868008137,Val-d'Illiez,1873,5,Wohnung,1195000,0,41,92,1,1,0,0,0,0,0
2006,47.71705627,168,8.645321846,Schaffhausen,8200,4,Wohnung,1140000,0.001160635,34,48,3,24,0,0,0,0,53
2018,47.13843918,136,7.31125021,Orpund,2552,5,Wohnung,1150000,0.040075769,26,56,6,17,3,0,3,3,32
2000,47.30733109,101,8.548647881,Rüschlikon,8803,3,Wohnung,1360000,0.075640874,8,5,0,0,0,0,0,0,0
2017,47.27217865,144,8.333761215,Muri (AG),5630,5,Wohnung,1150000,0,21,39,7,27,0,0,0,0,65
1990,47.33432007,160,9.410095215,Appenzell,9050,5,Sonstiges,1050000,0.017348275,58,111,7,36,6,0,3,5,65
1993,47.4396553,210,7.593346119,Grellingen,4203,5,Sonstiges,1120000,0.023529727,12,15,4,34,3,0,0,3,81
2018,47.40947342,148,9.06483078,Kirchberg (SG),9602,4,Wohnung,1150000,0.017602955,38,61,6,27,0,0,0,0,51
2016,47.5445137,112,7.570569038,Binningen,4102,3,Wohnung,1295000,0.003062242,4,10,7,45,3,0,0,3,138
2016,46.68314743,130,9.564380646,Lantsch/Lenz,7083,4,Wohnung,1090000,0,88,133,14,59,4,0,0,4,36
2006,47.28261566,132,8.544974327,Thalwil,8136,4,Wohnung,1250000,0.041978286,12,8,3,24,16,0,6,10,60
2018,47.31871033,142,8.369585991,Rottenschwil,8919,5,Wohnung,1150000,0.098546185,17,33,7,13,3,0,0,3,30
2017,47.11199951,125,7.252700329,Port,2562,5,Wohnung,1150000,0.039462631,25,48,6,56,0,0,0,0,35
1981,46.3794899,168,7.632205009,Leukerbad,3954,7,Wohnung,1220000,0,80,124,2,14,0,0,0,0,0
2016,47.2382164,160,8.923272133,Eschenbach (SG),8733,4,Wohnung,1190000,0.00095471,28,45,8,19,0,0,0,0,40
1600,46.57435608,75,9.933056831,La Punt-Chamues-ch,7522,3,Wohnung,1290000,0.016852878,109,179,5,29,3,0,3,3,8
1975,46.15462112,130,8.780524254,Ascona,6612,4,Wohnung,1190000,0.108731076,35,74,10,57,3,0,0,3,61
1981,46.49559402,110,9.902840614,Pontresina,7504,3,Wohnung,1490000,0.015766363,105,202,5,19,3,0,0,3,6
1988,46.60110092,134,9.963240623,Zuoz,7524,4,Wohnung,1230000,0.025596226,111,173,7,50,3,0,0,3,42
2018,47.33361435,101,8.530263901,Zürich,8038,3,Wohnung,1320000,0.02819224,0,0,13,80,4,0,0,4,107
2017,47.04217911,217,7.520597458,Jegenstorf,3303,5,Sonstiges,1150000,0.000251022,16,22,7,10,0,0,0,0,18
2013,47.04893494,143,8.614621162,Steinen,6422,5,Wohnung,1100000,0.007352528,35,57,12,53,9,0,3,7,95
2016,47.34976196,157,8.253196716,Villmergen,5612,4,Wohnung,1195000,0.000566627,26,43,5,28,3,0,0,3,48
2018,46.74762726,140,7.649197578,Hilterfingen,3626,3,Wohnung,1340000,0.155102523,25,42,10,17,3,0,0,3,35
2016,46.68523407,130,9.562939644,Lantsch/Lenz,7083,4,Wohnung,1090000,0,88,133,13,51,0,0,0,0,23
2013,47.00752258,125,8.484764099,Vitznau,6354,4,Wohnung,1230000,0.383411572,35,102,4,11,0,0,0,0,21
1986,46.48949814,102,9.835934639,St. Moritz,7500,3,Wohnung,1300000,0.137767218,99,203,7,44,16,0,3,15,73
2016,47.52447891,131,7.616353989,Münchenstein,4142,4,Wohnung,1095000,0.028480161,7,6,10,43,3,0,0,3,89
2018,47.50136948,142,8.260424614,Untersiggenthal,5417,4,Wohnung,1190000,0.023636049,23,33,6,6,3,0,0,3,21
1997,46.8027153,95,9.232463837,Falera,7153,3,Wohnung,1500000,0,84,151,11,53,0,0,0,0,27
2018,47.483181,157,8.304103851,Obersiggenthal,5415,4,Wohnung,1110000,0.050225216,20,37,11,31,3,0,0,3,28
2018,47.46724701,127,9.481077194,Rorschacherberg,9404,4,Wohnung,1150000,0,57,91,4,4,0,0,0,0,13
1999,47.26722336,140,8.664800644,Meilen,8706,4,Wohnung,1390000,0.170927813,18,12,7,37,3,0,0,3,73
2020,47.22929382,107,8.665280342,Wädenswil,8820,3,Wohnung,1350000,0.178274863,18,18,9,36,3,0,0,3,69
1992,46.45874405,102,9.797000885,Silvaplana,7513,3,Wohnung,1400000,0.33106455,94,227,4,30,0,0,0,0,6
2016,47.19986343,180,7.415700436,Bettlach,2544,4,Wohnung,1170000,0.015461944,32,66,10,18,0,0,0,0,43
2016,46.75803757,143,7.63356638,Thun,3600,4,Wohnung,1220000,0.062321055,18,24,9,45,9,0,0,9,57
2016,47.50492096,127,7.601834774,Reinach (BL),4153,4,Wohnung,1280000,0.016479287,12,15,13,14,3,0,0,3,34
2018,47.34924316,99,8.531526566,Zürich,8038,2,Wohnung,1390000,0.287604444,0,0,3,18,3,0,0,3,22
2017,47.66347504,151,8.982456207,Steckborn,8266,4,Wohnung,1190000,0.250425556,39,79,9,24,3,0,3,3,48
2015,47.42633057,128,8.299830437,Niederrohrdorf,5443,4,Wohnung,1030000,0,19,38,5,50,0,0,0,0,104
2019,47.28249741,112,8.626448631,Meilen,8706,3,Wohnung,1490000,0.019620937,18,12,13,17,3,0,0,3,23
2008,47.25574493,108,8.603388786,Horgen,8810,3,Wohnung,1290000,0.260061659,15,12,13,53,5,0,4,3,113
1975,47.12979507,138,7.218633175,Biel/Bienne,2505,3,Wohnung,1380000,0.439727559,25,31,1,8,3,0,0,3,9
2014,46.03209686,130,8.961123466,Canobbio,6952,3,Wohnung,1180000,0.012405319,9,34,3,9,0,0,0,0,22
1933,47.17617798,62,8.500701904,Zug,6300,3,Wohnung,1350000,0.395687176,25,27,7,34,7,0,3,5,55
2018,47.36113739,110,8.597589493,Zürich,8053,4,Wohnung,1095000,0,0,0,7,21,3,0,0,3,52
2020,47.22707367,116,8.663036346,Wädenswil,8820,3,Wohnung,1280000,0.034322556,18,18,11,17,0,0,0,0,48
2015,47.3909111,161,8.061376572,Aarau,5000,4,Sonstiges,1200000,0.001945987,28,26,7,21,3,0,3,0,45
2017,47.51539993,109,7.551854134,Oberwil (BL),4104,4,Wohnung,1160000,0,9,19,19,31,3,0,3,3,66
1996,46.09516907,105,7.218423367,Bagnes,1936,4,Wohnung,1450000,0,59,86,8,16,4,0,0,4,39
2015,46.18268967,132,8.818818092,Minusio,6648,4,Wohnung,1200000,0.00027607,33,72,7,13,3,0,0,3,11
2018,46.8735199,122,7.563382626,Münsingen,3110,4,Wohnung,1220000,0.000139232,11,17,11,19,5,0,3,4,34
2017,47.24254608,183,8.92206192,Eschenbach (SG),8733,4,Wohnung,1200000,0.004042448,28,45,2,5,3,3,0,0,7
2018,47.52723312,146,7.584803104,Bottmingen,4103,4,Wohnung,1495000,0.000823781,6,12,5,9,3,0,0,3,21
1987,46.10319901,94,7.230921745,Bagnes,1936,4,Wohnung,1340000,0.000268458,59,86,6,28,0,0,0,0,3
2017,47.48448181,110,7.74782896,Liestal,4410,4,Wohnung,1330000,0.00958455,15,16,10,21,3,0,0,3,39
1996,47.44787216,197,8.64460659,Nürensdorf,8309,6,Sonstiges,1350000,0.000311525,16,21,3,24,3,0,0,3,52
2012,47.48316193,127,8.311167717,Ennetbaden,5408,4,Wohnung,1460000,0.040380371,17,32,1,10,3,0,0,3,35
2017,47.57951736,117,7.642146111,Riehen,4125,4,Wohnung,1360000,0.013997509,7,6,10,45,3,0,0,3,79
2018,47.09272003,131,8.396073341,Udligenswil,6044,4,Wohnung,1460000,0,29,53,4,8,0,0,0,0,8
1996,46.98552704,150,8.306197166,Hergiswil (NW),6052,4,Wohnung,1375000,0.157084712,36,71,6,44,7,0,0,7,87
1914,47.14731216,163,7.235869408,Evilard,2533,4,Sonstiges,1290000,0,33,58,6,18,3,0,3,3,33
1997,47.44417572,170,8.673233032,Lindau,8315,4,Wohnung,1450000,0,13,24,10,15,3,0,0,3,30
2008,47.36488724,136,8.5977211,Zürich,8053,4,Wohnung,1490000,0,0,0,5,37,7,0,0,7,86
1989,46.80250549,95,9.236883163,Falera,7153,4,Wohnung,1300000,0,84,151,10,28,0,0,0,0,20
2012,47.19194794,140,8.834759712,Altendorf,8852,4,Wohnung,1390000,0.402699986,24,33,12,17,3,0,0,3,51
2017,47.48360443,146,8.285811424,Baden,5400,4,Wohnung,1050000,0.039057944,20,16,8,8,3,0,0,3,17
2019,46.98887634,71,8.533277512,Gersau,6442,3,Wohnung,1350000,0.548288292,41,81,1,1,0,0,0,0,3
1995,47.18490219,120,8.53698349,Baar,6340,4,Wohnung,1385000,0.000279857,22,22,10,73,3,0,0,3,156
1981,46.1815033,230,8.801754951,Orselina,6644,3,Wohnung,1380000,0,34,76,9,16,0,0,0,0,12
2019,47.4692955,141,8.333835602,Wettingen,5430,4,Wohnung,1350000,7.60E-05,15,19,5,14,3,0,0,3,28
2014,47.510952,136,7.547523975,Oberwil (BL),4104,4,Wohnung,1400000,0,9,19,18,25,3,0,0,3,51
2016,46.17222595,126,8.789699554,Locarno,6605,3,Wohnung,1350000,0.002224766,35,57,8,12,3,0,0,3,8
1996,46.09539795,105,7.221409321,Bagnes,1936,4,Wohnung,1450000,0,59,86,17,38,6,3,3,4,44
2007,46.78976059,125,9.812431335,Davos,7270,4,Wohnung,1270000,0.005995854,95,141,4,19,0,0,0,0,6
2017,47.13726807,140,9.109378815,Weesen,8872,3,Wohnung,1450000,0.439478401,38,73,8,11,0,0,0,0,10
2018,47.32694626,105,8.536855698,Kilchberg (ZH),8802,3,Wohnung,1380000,0.045351127,7,3,3,12,0,0,0,0,31
2019,47.41857147,158,7.499103546,Laufen,4242,4,Wohnung,1330000,0.017515545,19,23,9,27,3,3,3,3,54
2006,46.48057175,161,6.373473167,Féchy,1173,4,Wohnung,1340000,0.00031922,17,34,4,10,3,0,3,3,28
1974,47.2766571,119,8.624041557,Meilen,8706,4,Wohnung,1290000,0.34695736,18,12,6,48,4,0,0,4,95
2017,47.17900085,124,8.430447578,Hünenberg,6331,4,Wohnung,1390000,0,23,49,8,23,0,0,0,0,74
2017,47.27419662,125,8.690591812,Uetikon am See,8707,3,Wohnung,1290000,0,19,17,0,0,0,0,0,0,0
2012,47.3026619,126,8.51947403,Adliswil,8134,4,Wohnung,1289000,0.017026304,6,8,7,37,3,0,0,3,92
2016,46.86232376,135,9.534673691,Chur,7000,4,Wohnung,1280000,0.001044076,66,79,14,25,0,0,0,0,37
2008,47.25517654,118,8.606440544,Horgen,8810,3,Wohnung,1420000,0.288848776,15,12,10,47,3,0,0,3,80
2010,47.6680603,170,9.070375443,Ermatingen,8272,4,Wohnung,1300000,0.167650393,42,93,3,13,3,0,0,3,20
2013,46.21482468,260,9.033567429,Bellinzona,6503,9,Sonstiges,1395000,0.070289513,26,25,6,8,3,0,0,3,25
2016,47.41324615,117,8.518338203,Zürich,8046,4,Sonstiges,1500000,0,0,0,14,39,3,0,3,0,74
1979,46.09765625,105,7.227025032,Bagnes,1936,3,Wohnung,1420000,0.000268458,59,86,11,46,3,0,0,3,25
2013,47.23935699,136,8.717290878,Stäfa,8712,4,Wohnung,1270000,0.550408915,25,23,16,40,16,0,3,13,74
2001,47.19522476,114,8.520895004,Baar,6340,4,Wohnung,1400000,0.002671948,22,22,5,50,9,0,0,9,201
2018,46.11841202,90,8.711025238,Brissago,6614,3,Wohnung,1395000,0.449176604,41,89,18,49,5,0,0,5,29
2018,47.45901871,110,8.661865234,Nürensdorf,8309,3,Wohnung,1265000,0,16,21,7,7,0,0,0,0,14
2020,47.18758011,133,8.854387283,Lachen,8853,4,Wohnung,1420000,0.063166184,24,31,11,18,3,0,0,3,38
2001,47.19252396,150,8.684521675,Richterswil,8833,4,Wohnung,1280000,0.014360498,16,24,4,15,3,0,3,0,30
2015,47.04842758,166,8.202702522,Malters,6102,4,Wohnung,1290000,0.017518883,38,66,1,2,0,0,0,0,3
2007,47.21794891,129,8.610980988,Hirzel,8816,4,Sonstiges,1250000,0.000879962,15,35,12,20,3,0,0,3,50
1988,46.4329834,108,9.766507149,Sils im Engadin/Segl,7514,4,Wohnung,1460000,0.01795844,91,237,6,32,5,0,0,5,25
2018,47.49472427,144,7.615963936,Arlesheim,4144,5,Wohnung,1480000,0.017650111,9,9,10,22,3,0,0,3,48
2015,47.46987534,162,8.402927399,Boppelsen,8113,5,Sonstiges,1290000,0.000343293,14,13,10,49,5,0,3,4,109
2017,47.50118637,167,8.794725418,Elsau,8352,5,Wohnung,1495000,0.001770094,25,33,5,15,0,0,0,0,27
2005,46.45228958,144,6.904102802,Montreux,1817,5,Sonstiges,1290000,0.00024042,22,20,3,21,3,0,0,3,44
1994,47.49208069,230,8.556955338,Winkel,8185,6,Sonstiges,1450000,0,14,31,7,27,7,3,0,6,64
1993,47.34448242,176,8.730577469,Uster,8610,5,Wohnung,1295000,0.009996064,13,11,15,63,5,0,3,4,121
2015,47.50049591,138,7.593693256,Reinach (BL),4153,4,Wohnung,1395000,0.006562628,12,15,18,41,3,0,0,3,83
2004,47.52357101,137,7.561305523,Oberwil (BL),4104,4,Wohnung,1190000,0.00188246,6,12,6,14,3,0,0,3,39
2013,47.36003876,185,8.042004585,Oberentfelden,5036,4,Wohnung,1450000,0.007044618,30,44,4,8,3,0,0,3,20
1987,47.53741074,184,7.559967518,Binningen,4102,6,Sonstiges,1350000,0.000226247,4,10,3,10,3,0,0,3,17
2012,46.9910965,164,8.529567719,Gersau,6442,4,Wohnung,1490000,0.446957841,41,81,5,13,3,0,0,3,25
2005,46.93143845,193,7.484250546,Muri bei Bern,3074,5,Sonstiges,1480000,0.027907103,6,14,3,19,33,0,3,32,59
1990,46.60247803,115,9.961737633,Zuoz,7524,4,Wohnung,1265000,0.0224207,111,173,18,47,5,0,3,4,40
2010,47.08361816,127,8.43776226,Küssnacht (SZ),6403,4,Wohnung,1280000,0.110591796,26,54,15,45,4,0,3,3,116
1971,47.36487579,154,8.596342087,Zürich,8053,5,Wohnung,1450000,0,0,0,9,36,3,0,0,3,84
2020,47.22719574,127,8.663458824,Wädenswil,8820,4,Wohnung,1380000,0.046282663,18,18,11,17,0,0,0,0,48
2013,47.22114944,156,8.463738441,Knonau,8934,5,Wohnung,1280000,0.00040931,18,31,4,16,0,0,0,0,24
1992,47.35434341,124,8.639309883,Maur,8123,5,Mehrfamilienhaus,1500000,0.000320681,13,10,9,23,3,0,3,3,49
2008,47.06758881,140,8.324612617,Luzern,6006,4,Wohnung,1350000,0.089392598,31,48,4,15,3,0,0,3,30
2018,47.4894371,143,8.296611786,Obersiggenthal,5415,5,Wohnung,1420000,0.030347795,20,37,10,18,0,0,0,0,37
2018,47.54956055,90,7.798624992,Rheinfelden,4310,3,Wohnung,680000,0.030718703,15,18,4,6,3,0,0,3,13
2000,46.29928207,130,7.055605888,Ollon,1884,5,Wohnung,1400000,0,39,45,5,27,0,0,0,0,13
1981,47.08975983,340,7.5865345,Kirchberg (BE),3422,8,Sonstiges,1350000,0.016264137,16,39,7,25,0,0,0,0,43
2019,47.29505539,150,8.449861526,Hedingen,8908,4,Sonstiges,1400000,0.00246543,12,19,7,9,3,0,0,3,17
1972,47.19350052,98,8.484910965,Steinhausen,6312,4,Wohnung,1300000,0.002016084,20,44,7,62,6,0,3,5,164
2017,47.414608,134,8.07658577,Biberstein,5023,4,Wohnung,1350000,0.064939869,30,51,9,11,3,0,0,3,21
1970,46.20218277,137,6.183541298,Chêne-Bougeries,1224,5,Wohnung,1295000,0,5,8,6,60,5,0,0,5,272
1920,47.23959732,177,8.808609009,Rapperswil-Jona,8645,5,Sonstiges,1350000,0.336542542,23,31,5,6,0,0,0,0,13
1990,47.1865654,130,8.854198456,Lachen,8853,5,Sonstiges,1275000,0.042722569,24,31,10,76,3,0,0,3,171
2013,46.80525589,1226,9.249423981,Laax,7031,4,Wohnung,1380000,0.0114154,81,134,7,20,3,0,0,3,10
2002,47.34172821,138,8.667709351,Maur,8124,5,Wohnung,1280000,0.157033626,13,10,7,30,4,0,0,4,63
2015,46.31029892,180,7.513340473,Randogne,3975,6,Sonstiges,1255000,5.53E-05,69,116,2,20,0,0,0,0,13
2019,47.28285217,132,8.449102402,Affoltern am Albis,8910,4,Wohnung,1380000,0.004298925,15,22,0,0,0,0,0,0,0
2007,47.55328369,209,7.540596962,Allschwil,4123,6,Wohnung,1320000,0.000254431,8,6,9,34,3,0,0,3,67
2010,46.68855286,120,9.565458298,Lantsch/Lenz,7083,4,Wohnung,1390000,6.91E-05,88,133,8,31,3,0,3,0,14
2010,47.27836609,180,8.923783302,Wald (ZH),8636,5,Wohnung,1380000,0.000279772,26,40,6,12,3,0,0,3,22
2018,47.18069458,167,8.13745594,Schenkon,6214,6,Wohnung,1265000,0.000710954,40,71,2,5,0,0,0,0,11
2018,47.04902267,132,8.365694046,Meggen,6045,4,Wohnung,1295000,0.000567752,35,67,8,10,0,0,0,0,19
2018,47.40681458,154,8.680446625,Volketswil,8604,4,Wohnung,1290000,0.00022564,11,18,1,1,3,0,3,3,3
2013,46.51303864,146,6.549870491,Saint-Sulpice (VD),1025,5,Wohnung,1460000,0.162409322,7,22,3,30,3,0,0,3,164
1800,47.51098633,150,7.621099472,Münchenstein,4142,5,Wohnung,1290000,0.014362164,7,6,11,57,8,0,3,6,115
1971,46.51093674,90,9.854802132,Celerina/Schlarigna,7505,4,Wohnung,1300000,0.01430202,101,198,11,44,4,0,0,4,19
2006,46.03821945,180,8.953555107,Comano,6949,5,Wohnung,1350000,0,9,22,7,14,3,0,0,3,32
2018,46.93649292,157,8.992868423,Glarus Süd,8784,4,Wohnung,1330000,0,59,94,3,21,0,0,0,0,4
2000,46.62501144,126,8.022892952,Grindelwald,3818,4,Wohnung,1290000,0.013950658,50,98,7,38,3,0,0,3,29
2017,47.27724838,185,8.345920563,Muri (AG),5630,6,Wohnung,1320000,0,21,39,9,38,0,0,0,0,71
1871,46.48072052,178,6.78143692,Chexbres,1071,5,Wohnung,1495000,0.095477274,11,16,16,33,3,0,0,3,66
2018,46.16700745,172,8.782150269,Locarno,6600,4,Wohnung,1300000,0.040178313,35,57,7,24,3,0,0,3,73
2017,47.11091614,132,9.24833107,Quarten,8882,5,Wohnung,1350000,0.296712793,43,68,6,10,3,0,3,3,18
2016,47.54764938,172,7.952465057,Stein (AG),4332,5,Wohnung,1410000,0.06944421,23,28,3,11,3,0,0,3,13
2010,46.87924957,155,7.568735123,Münsingen,3110,5,Wohnung,1490000,0.000139232,11,17,11,20,3,0,3,0,42
2018,46.8696022,128,9.535652161,Chur,7000,4,Wohnung,1500000,0.027698415,66,79,1,1,0,0,0,0,0
2016,47.5257988,123,7.56658411,Bottmingen,4103,4,Wohnung,1265000,0.003293256,6,12,6,16,0,0,0,0,35
2016,46.81297302,131,9.852334976,Davos,7260,3,Wohnung,1920000,0.134139945,95,141,2,11,3,0,0,3,0
2007,45.95340347,272,8.964788437,Bissone,6816,4,Wohnung,3750000,0.352943602,10,15,3,5,4,0,0,4,15
1999,47.32919312,133,8.634127617,Zumikon,8126,4,Wohnung,1800000,0.000634705,10,8,3,7,0,0,0,0,11
2013,47.56910706,178,7.646193504,Riehen,4125,4,Sonstiges,1800000,0.000317176,7,6,9,14,3,0,0,3,28
1996,47.55156326,205,8.907009125,Frauenfeld,8500,6,Sonstiges,1350000,0.007226065,28,34,17,21,3,0,0,3,51
1900,46.42627335,121,6.925824642,Montreux,1820,4,Wohnung,1450000,0.27691868,22,20,7,28,3,0,3,3,41
2017,47.2694931,114,8.661570549,Meilen,8706,3,Wohnung,1722000,0.100046041,18,12,4,11,0,0,0,0,19
1985,46.00654221,190,8.976537704,Lugano,6977,4,Wohnung,2150000,0.147454679,3,19,9,38,3,0,0,3,29
2012,47.52742004,173,7.586238861,Bottmingen,4103,4,Wohnung,1850000,0,6,12,16,21,3,0,0,3,41
2013,47.39064026,119,8.510338783,Zürich,8005,3,Wohnung,2085000,0.033128493,0,0,1,10,8,0,0,8,164
2015,46.86287689,131,9.8808918,Klosters-Serneus,7250,4,Wohnung,1340000,0.014523911,85,112,1,6,0,0,0,0,0
2015,47.15235901,102,8.520803452,Zug,6300,2,Wohnung,1980000,0.037114602,25,27,9,28,3,0,0,3,48
2006,47.19750595,155,8.785633087,Freienbach,8808,3,Wohnung,1750000,0.002399501,20,29,2,18,0,0,0,0,43
2016,46.72688293,165,9.558532715,Vaz/Obervaz,7078,4,Wohnung,3000000,0.000910197,85,120,5,34,4,0,0,4,24
2006,46.71637344,175,7.71726656,Sigriswil,3655,4,Wohnung,1520000,0.07601384,27,49,10,28,0,0,0,0,33
2017,47.27263641,133,8.627989769,Meilen,8706,4,Wohnung,1820000,0.488974084,18,12,10,25,4,0,3,3,45
2018,47.3611412,94,8.578635216,Zürich,8053,3,Wohnung,1950000,0.000382675,0,0,6,22,3,0,0,3,41
2009,47.33058929,150,8.608615875,Küsnacht (ZH),8700,3,Wohnung,2290000,0.005845624,10,6,3,11,3,0,0,3,16
2018,47.38525391,94,8.556671143,Zürich,8044,3,Wohnung,1680000,0.000971489,0,0,7,16,3,0,0,3,30
2005,45.96127701,165,8.914036751,Lugano,6917,4,Wohnung,2530000,0.000213015,12,20,11,13,3,0,0,3,28
2014,46.72546768,151,9.548240662,Vaz/Obervaz,7078,4,Wohnung,2190000,0.000119535,85,120,2,11,0,0,0,0,3
2009,46.0197525,127,8.95260334,Lugano,6900,3,Wohnung,1620000,0.005033851,0,0,3,8,0,0,0,0,23
1975,47.55767059,134,7.577046394,Basel,4055,3,Wohnung,1550000,0.029512667,0,0,28,120,17,0,0,17,215
2017,46.63968658,174,8.589616776,Andermatt,6490,3,Sonstiges,2490000,0.027789258,66,115,6,60,0,0,0,0,28
2014,46.0271492,287,8.957290649,Porza,6948,4,Wohnung,2750000,0.008677979,11,15,6,15,3,0,0,3,24
2018,47.41616058,132,8.478409767,Zürich,8049,4,Wohnung,1650000,0.00028917,0,0,2,9,0,0,0,0,27
2017,47.39572906,189,9.403252602,Teufen (AR),9053,4,Wohnung,1870000,0,54,102,3,6,0,0,0,0,4
2012,46.79616928,211,9.818507195,Davos,7270,4,Wohnung,3390000,0.006153304,95,141,1,10,0,0,0,0,0
2003,46.10490417,164,7.229014397,Bagnes,1936,4,Wohnung,3450000,0.000268458,59,86,8,53,3,0,0,3,15
1994,46.72721863,130,9.555106163,Vaz/Obervaz,7078,4,Wohnung,1690000,0.006103766,85,120,9,35,3,0,3,3,28
1960,47.56697464,260,7.59444952,Basel,4057,2,Sonstiges,2300000,0.119711407,0,0,17,106,17,0,4,13,239
2019,47.37591934,132,8.555393219,Zürich,8044,3,Wohnung,1750000,0.008106985,0,0,8,32,4,0,0,4,68
2005,47.06754684,157,8.410553932,Küssnacht (SZ),6402,4,Wohnung,1760000,0.286573695,26,54,3,18,3,0,0,3,45
2016,45.92702484,125,8.908045769,Morcote,6922,3,Wohnung,2067000,0.430723158,15,31,10,31,3,0,0,3,34
2016,46.48970413,103,9.834588051,St. Moritz,7500,3,Wohnung,1750000,0.124534948,99,203,8,43,27,0,5,22,77
2001,46.79954147,151,9.824378967,Davos,7270,4,Wohnung,2000000,0.006405623,95,141,4,20,4,0,0,4,3
2018,46.7211647,134,9.528567314,Vaz/Obervaz,7078,3,Wohnung,1980000,0,85,120,3,6,3,0,0,3,4
2019,47.34693527,199,8.584382057,Zollikon,8702,4,Wohnung,3640000,0.000103569,9,3,4,14,3,0,0,3,30
1983,46.09601974,102,7.230471134,Bagnes,1936,3,Wohnung,1550000,0.000268458,59,86,7,54,3,0,0,3,29
2018,47.1607666,114,9.047708511,Schänis,8718,4,Wohnung,2251500,0.000235999,32,55,9,55,3,0,0,3,87
2014,46.18079376,146,8.830505371,Minusio,6648,4,Wohnung,2090000,0.222281954,33,72,9,24,3,0,0,3,15
2019,47.54427338,156,7.569339752,Binningen,4102,4,Wohnung,1690000,0.002661592,4,10,4,27,0,0,0,0,59
2007,46.48878098,156,7.262863636,Saanen,3792,3,Wohnung,1950000,0.00876682,61,109,13,55,9,0,3,7,59
1972,47.27856445,137,8.620027542,Meilen,8706,4,Wohnung,1590000,0.366765868,18,12,14,39,0,0,0,0,63
2005,46.81869888,136,9.844744682,Davos,7260,4,Wohnung,1590000,0.150369609,95,141,1,3,0,0,0,0,0
2013,46.10533142,169,8.696557999,Brissago,6614,3,Wohnung,2950000,0.317196979,41,89,4,9,3,0,3,0,5
2011,47.41894531,214,8.597401619,Wallisellen,8304,4,Wohnung,1850000,0,7,3,10,60,6,0,3,5,124
2005,47.22304916,207,8.682088852,Wädenswil,8820,4,Sonstiges,1990000,0.398153098,18,18,7,32,3,0,0,3,61
2020,47.2670517,140,8.677855492,Uetikon am See,8707,4,Wohnung,1580000,0.014513571,19,17,12,26,11,0,3,9,61
2013,46.17602539,310,8.805451393,Muralto,6600,4,Wohnung,3880000,0.121802816,33,57,8,38,3,0,3,3,43
2018,46.09792328,173,7.224831104,Bagnes,1936,4,Wohnung,3450000,0.000268458,59,86,8,44,12,0,0,12,13
2018,46.68909073,142,9.565159798,Lantsch/Lenz,7083,4,Wohnung,1530000,6.91E-05,88,133,8,31,3,0,3,0,14
2018,46.72723389,108,9.54753685,Vaz/Obervaz,7078,3,Wohnung,1630000,0.007868151,85,120,6,15,3,0,0,3,3
2017,46.00737381,153,8.979608536,Lugano,6974,3,Wohnung,3600000,0.068896785,0,0,8,15,0,0,0,0,20
2015,46.63579559,95,8.593132973,Andermatt,6490,2,Wohnung,1810000,0.012403797,66,115,10,36,3,3,0,0,43
1977,45.99860764,160,8.948067665,Lugano,6900,4,Wohnung,2200000,0.33651186,0,0,1,10,11,0,3,10,17
2012,47.18649292,136,8.518634796,Baar,6340,4,Wohnung,1590000,0.001497781,22,22,6,27,38,0,3,35,87
1989,46.10139465,134,7.229144096,Bagnes,1936,4,Wohnung,2900000,0.000268458,59,86,7,24,0,0,0,0,8
2017,46.74684143,117,9.555786133,Vaz/Obervaz,7077,3,Wohnung,1755000,0.067089814,85,120,4,27,3,0,3,3,11
1970,46.02753448,210,8.957288742,Porza,6948,4,Wohnung,2000000,0.00866329,11,15,6,15,3,0,0,3,24
2019,47.54397583,171,7.569263935,Binningen,4102,4,Wohnung,1890000,0.002765211,4,10,4,27,0,0,0,0,59
2008,47.19219971,186,8.852021217,Lachen,8853,4,Sonstiges,1690000,0.266504701,24,31,19,96,38,0,3,36,229
2016,46.4881134,137,9.906347275,Pontresina,7504,4,Sonstiges,3845000,0.019749384,105,202,5,28,3,0,0,3,31
2014,47.39312744,143,8.470746994,Zürich,8048,4,Wohnung,1880000,0.000125069,0,0,10,27,3,0,3,3,64
2009,46.17750931,156,8.804555893,Orselina,6644,4,Wohnung,1680000,0.057658591,34,76,16,25,5,0,3,3,33
2010,45.92977142,158,8.921386719,Vico Morcote,6921,3,Wohnung,2300000,0.279255924,15,47,12,22,3,0,0,3,25
1871,47.56438828,205,9.381258011,Romanshorn,8590,4,Sonstiges,1590000,0.505242638,56,71,0,0,4,0,0,4,0
1999,46.01340485,180,8.972844124,Lugano,6962,4,Wohnung,1750000,0.004024627,3,19,9,20,0,0,0,0,26
2012,46.83285141,174,9.283503532,Flims,7018,3,Wohnung,1510000,0.002060512,78,119,2,11,3,0,0,3,8
2016,46.79036713,111,9.813697815,Davos,7270,3,Wohnung,1830000,0.006161347,95,141,7,48,3,0,0,3,30
2013,46.00929642,170,8.940033913,Massagno,6900,4,Wohnung,2800000,0,6,10,8,57,20,0,3,19,153
1946,46.94366455,143,7.46559906,Bern,3006,4,Wohnung,1680000,0.02472933,0,0,12,82,0,0,0,0,73
2014,46.03328323,150,8.962628365,Canobbio,6952,4,Wohnung,1650000,0.013287352,9,34,1,10,3,0,3,3,47
1992,46.09797668,110,7.219730854,Bagnes,1936,4,Wohnung,1850000,0,59,86,11,30,9,0,3,8,47
2010,46.00692368,144,8.947044373,Lugano,6900,4,Wohnung,1595000,0.064557624,0,0,3,23,3,0,0,3,46
2012,45.98831177,151,8.953475952,Paradiso,6900,2,Wohnung,1680000,0.481398229,6,7,4,40,10,0,0,10,115
2015,47.1794281,128,8.526432037,Baar,6340,4,Wohnung,1530000,0.000279857,22,22,2,18,3,0,0,3,49
2020,47.199543,201,8.717385292,Wollerau,8832,4,Wohnung,3190000,0.273457008,18,29,8,17,3,0,0,3,31
2016,46.15134048,100,8.777090073,Ascona,6612,3,Wohnung,1790000,0.33274966,35,74,11,61,0,0,0,0,53
2017,47.30855179,138,8.7855196,Gossau (ZH),8624,4,Wohnung,1940000,0,20,31,10,10,0,0,0,0,21
2009,46.43182755,157,6.910614967,Montreux,1820,4,Wohnung,2100000,0.565440161,22,20,10,81,45,0,3,43,235
2010,46.01470566,180,8.950527191,Lugano,6900,3,Wohnung,2950000,0.003263357,0,0,7,59,15,0,0,15,120
2006,46.1048851,138,7.224695206,Bagnes,1936,4,Wohnung,2625000,0.000268458,59,86,9,30,3,0,0,3,12
2018,46.98414993,147,8.40272522,Ennetbürgen,6373,4,Wohnung,1580000,0,43,101,10,25,3,0,0,3,44
1905,46.99317932,107,8.607440948,Ingenbohl,6440,2,Wohnung,1800000,0.353514298,38,56,4,21,4,0,0,4,21
2012,45.99323654,180,8.946022034,Lugano,6900,4,Wohnung,1800000,0.247173465,6,7,6,46,20,0,0,20,159
2006,46.62810898,138,8.022206306,Grindelwald,3818,4,Wohnung,1870000,0.010926106,50,98,2,5,0,0,0,0,3
2015,47.0103569,157,8.33634758,Horw,6047,5,Wohnung,1570000,0.335168783,36,74,6,12,3,0,0,3,31
2004,46.00657272,225,8.9743433,Lugano,6977,5,Wohnung,2950000,0.164608106,0,0,6,13,3,0,0,3,16
1989,46.19130707,139,6.185499668,Chêne-Bougeries,1224,5,Sonstiges,1665000,5.13E-05,5,8,10,19,3,0,0,3,56
2018,47.0925293,152,8.395744324,Udligenswil,6044,5,Wohnung,1700000,0,29,53,4,8,0,0,0,0,8
2020,47.27355957,172,8.455653191,Affoltern am Albis,8910,5,Wohnung,1630000,0.001494301,15,22,4,4,0,0,0,0,7
2005,47.1575737,148,8.519210815,Zug,6300,4,Wohnung,2140000,0.148903118,25,27,9,31,3,0,0,3,67
1970,47.54955673,176,7.608124733,Basel,4052,6,Sonstiges,1750000,0.078735583,0,0,16,50,22,0,0,22,106
2018,47.36522293,150,8.777896881,Pfäffikon,8330,4,Wohnung,2748000,0.259400803,17,26,10,38,0,0,0,0,66
2012,46.72668076,214,9.557312965,Vaz/Obervaz,7078,4,Wohnung,3880000,0.000715354,85,120,5,34,11,3,3,9,15
2016,46.80918121,197,9.846169472,Davos,7260,4,Wohnung,3050000,0.049200121,95,141,6,36,3,0,0,3,18
2004,47.15983963,200,8.521657944,Zug,6300,5,Wohnung,3780000,0.086870917,25,27,5,42,8,0,0,8,121
1981,47.40688705,174,8.483762741,Zürich,8049,4,Sonstiges,1800000,0.037067223,0,0,11,62,0,0,0,0,124
2001,47.24671936,122,8.774723053,Hombrechtikon,8634,4,Wohnung,920000,0.000501542,22,39,7,34,4,0,3,3,70
1985,46.00196457,192,8.975040436,Lugano,6976,4,Wohnung,2800000,0.462888258,0,0,6,36,3,0,0,3,45
2014,47.34046173,173,8.719764709,Uster,8610,5,Wohnung,1980000,0.007428224,13,11,8,11,0,0,0,0,28
1569,47.34922791,340,8.564698219,Zürich,8008,6,Sonstiges,3450000,0.31344841,0,0,14,37,18,0,3,17,61
2018,46.48979568,150,9.833953857,St. Moritz,7500,4,Wohnung,3200000,0.118111109,99,203,3,20,3,0,3,3,53
2015,46.6398735,168,8.589911461,Andermatt,6490,4,Sonstiges,2200000,0.029776873,66,115,6,60,0,0,0,0,28
2017,47.27028656,144,8.66238308,Meilen,8706,4,Wohnung,2580000,0.055516392,18,12,3,3,3,0,0,3,12
2006,45.9845047,165,8.921788216,Collina d'Oro,6926,4,Wohnung,1570000,0.005600813,12,17,12,18,3,0,3,0,33
2008,47.33088303,152,8.610836983,Zumikon,8126,5,Wohnung,1600000,0.005662251,10,8,6,7,3,0,0,3,15
2017,46.8793602,146,9.878561974,Klosters-Serneus,7250,4,Wohnung,1760000,0.008667864,85,112,8,35,0,0,0,0,28
2013,46.62809753,145,8.024902344,Grindelwald,3818,4,Wohnung,2950000,0.009962201,50,98,8,21,3,0,0,3,13
2008,47.22660828,200,8.677153587,Wädenswil,8820,5,Wohnung,2280000,0.41509812,18,18,6,38,4,0,0,4,119
1995,47.24116898,210,8.740556717,Stäfa,8712,5,Wohnung,2900000,0.066008148,25,23,9,15,0,0,0,0,34
1982,46.09296799,109,7.230340481,Bagnes,1936,5,Wohnung,1900000,0,59,86,4,24,0,0,0,0,12
1965,46.10749435,111,7.224671841,Bagnes,1936,5,Wohnung,1980000,0.000268458,59,86,7,9,0,0,0,0,4
1975,47.50974274,220,7.555368423,Oberwil (BL),4104,5,Wohnung,1800000,0,9,19,2,2,5,0,3,3,0
2012,46.5329895,157,9.871092796,Samedan,7503,4,Wohnung,2350000,0.024095187,104,189,14,72,16,0,3,15,76
2009,46.09355164,194,7.21930933,Bagnes,1936,5,Wohnung,2340000,0,59,86,4,11,0,0,0,0,10
2016,47.36791611,152,8.529367447,Zürich,8002,5,Wohnung,2450000,0.072411427,0,0,3,24,0,0,0,0,28
2013,46.6253891,154,8.021558762,Grindelwald,3818,4,Wohnung,2945000,0.013698422,50,98,11,25,4,0,0,4,14
2018,47.2440567,208,8.729166031,Stäfa,8712,4,Wohnung,1690000,0.048838268,25,23,5,18,3,0,0,3,25
2007,46.17629623,175,6.870583534,Champéry,1874,4,Wohnung,2150000,0.009094035,44,99,6,19,0,0,0,0,9
2011,46.60390091,176,9.960877419,Zuoz,7524,4,Wohnung,1990000,0.018101963,111,173,6,16,4,0,3,3,23
2015,47.5010376,287,8.348413467,Ehrendingen,5420,5,Sonstiges,1490000,0.005347793,23,39,7,23,3,0,0,3,61
2009,46.62763214,147,8.024577141,Grindelwald,3818,4,Wohnung,2540000,0.010611621,50,98,8,21,3,0,0,3,13
2011,45.93069077,280,8.975668907,Melano,6818,5,Wohnung,2500000,0.292046693,13,23,3,12,6,0,3,5,30
1966,47.55191803,155,7.607174873,Basel,4052,5,Wohnung,1980000,0.106307723,0,0,5,38,8,0,0,8,77
1972,46.09999466,114,7.221383095,Bagnes,1936,5,Wohnung,1675000,0.000268458,59,86,3,4,3,0,0,3,6
1785,46.91434479,200,7.090976238,Greng,3280,5,Sonstiges,1995000,0.293827559,19,38,3,10,0,0,0,0,14
2013,46.62549591,154,8.02093792,Grindelwald,3818,4,Wohnung,2845000,0.013922625,50,98,5,21,3,0,0,3,16
